56,-157,BRV2dl9Gu0bFC+uR9O59yjwL+nw=,U2FVEMfAm4TS8LVCaj/Zw8eRFZ0=
62,-156,BRV2dl9Gu0bFC+uR9O59yjwL+nw=,U2FVEMfAm4TS8LVCaj/Zw8eRFZ0=
63,-156,BRV2dl9Gu0bFC+uR9O59yjwL+nw=,U2FVEMfAm4TS8LVCaj/Zw8eRFZ0=
57,-157,BRV2dl9Gu0bFC+uR9O59yjwL+nw=,U2FVEMfAm4TS8LVCaj/Zw8eRFZ0=
58,-157,BRV2dl9Gu0bFC+uR9O59yjwL+nw=,U2FVEMfAm4TS8LVCaj/Zw8eRFZ0=
59,-157,BRV2dl9Gu0bFC+uR9O59yjwL+nw=,U2FVEMfAm4TS8LVCaj/Zw8eRFZ0=
60,-157,BRV2dl9Gu0bFC+uR9O59yjwL+nw=,U2FVEMfAm4TS8LVCaj/Zw8eRFZ0=
61,-157,BRV2dl9Gu0bFC+uR9O59yjwL+nw=,U2FVEMfAm4TS8LVCaj/Zw8eRFZ0=
62,-157,BRV2dl9Gu0bFC+uR9O59yjwL+nw=,U2FVEMfAm4TS8LVCaj/Zw8eRFZ0=
63,-157,BRV2dl9Gu0bFC+uR9O59yjwL+nw=,U2FVEMfAm4TS8LVCaj/Zw8eRFZ0=
56,-156,BRV2dl9Gu0bFC+uR9O59yjwL+nw=,U2FVEMfAm4TS8LVCaj/Zw8eRFZ0=
57,-156,BRV2dl9Gu0bFC+uR9O59yjwL+nw=,U2FVEMfAm4TS8LVCaj/Zw8eRFZ0=
58,-156,BRV2dl9Gu0bFC+uR9O59yjwL+nw=,U2FVEMfAm4TS8LVCaj/Zw8eRFZ0=
59,-156,BRV2dl9Gu0bFC+uR9O59yjwL+nw=,U2FVEMfAm4TS8LVCaj/Zw8eRFZ0=
60,-156,BRV2dl9Gu0bFC+uR9O59yjwL+nw=,U2FVEMfAm4TS8LVCaj/Zw8eRFZ0=
61,-156,BRV2dl9Gu0bFC+uR9O59yjwL+nw=,U2FVEMfAm4TS8LVCaj/Zw8eRFZ0=
59,-158,BRV2dl9Gu0bFC+uR9O59yjwL+nw=,U2FVEMfAm4TS8LVCaj/Zw8eRFZ0=
60,-158,BRV2dl9Gu0bFC+uR9O59yjwL+nw=,U2FVEMfAm4TS8LVCaj/Zw8eRFZ0=
59,-159,BRV2dl9Gu0bFC+uR9O59yjwL+nw=,U2FVEMfAm4TS8LVCaj/Zw8eRFZ0=
59,-160,BRV2dl9Gu0bFC+uR9O59yjwL+nw=,U2FVEMfAm4TS8LVCaj/Zw8eRFZ0=
60,-160,BRV2dl9Gu0bFC+uR9O59yjwL+nw=,U2FVEMfAm4TS8LVCaj/Zw8eRFZ0=
60,-159,BRV2dl9Gu0bFC+uR9O59yjwL+nw=,U2FVEMfAm4TS8LVCaj/Zw8eRFZ0=
62,-159,BRV2dl9Gu0bFC+uR9O59yjwL+nw=,U2FVEMfAm4TS8LVCaj/Zw8eRFZ0=
63,-159,BRV2dl9Gu0bFC+uR9O59yjwL+nw=,U2FVEMfAm4TS8LVCaj/Zw8eRFZ0=
61,-158,BRV2dl9Gu0bFC+uR9O59yjwL+nw=,U2FVEMfAm4TS8LVCaj/Zw8eRFZ0=
62,-158,BRV2dl9Gu0bFC+uR9O59yjwL+nw=,U2FVEMfAm4TS8LVCaj/Zw8eRFZ0=
63,-158,BRV2dl9Gu0bFC+uR9O59yjwL+nw=,U2FVEMfAm4TS8LVCaj/Zw8eRFZ0=
61,-160,BRV2dl9Gu0bFC+uR9O59yjwL+nw=,U2FVEMfAm4TS8LVCaj/Zw8eRFZ0=
62,-160,BRV2dl9Gu0bFC+uR9O59yjwL+nw=,U2FVEMfAm4TS8LVCaj/Zw8eRFZ0=
63,-160,BRV2dl9Gu0bFC+uR9O59yjwL+nw=,U2FVEMfAm4TS8LVCaj/Zw8eRFZ0=
61,-159,BRV2dl9Gu0bFC+uR9O59yjwL+nw=,U2FVEMfAm4TS8LVCaj/Zw8eRFZ0=
56,-158,BRV2dl9Gu0bFC+uR9O59yjwL+nw=,U2FVEMfAm4TS8LVCaj/Zw8eRFZ0=
57,-158,BRV2dl9Gu0bFC+uR9O59yjwL+nw=,U2FVEMfAm4TS8LVCaj/Zw8eRFZ0=
58,-158,BRV2dl9Gu0bFC+uR9O59yjwL+nw=,U2FVEMfAm4TS8LVCaj/Zw8eRFZ0=
56,-159,BRV2dl9Gu0bFC+uR9O59yjwL+nw=,U2FVEMfAm4TS8LVCaj/Zw8eRFZ0=
57,-159,BRV2dl9Gu0bFC+uR9O59yjwL+nw=,U2FVEMfAm4TS8LVCaj/Zw8eRFZ0=
58,-159,BRV2dl9Gu0bFC+uR9O59yjwL+nw=,U2FVEMfAm4TS8LVCaj/Zw8eRFZ0=
56,-160,BRV2dl9Gu0bFC+uR9O59yjwL+nw=,U2FVEMfAm4TS8LVCaj/Zw8eRFZ0=
57,-160,BRV2dl9Gu0bFC+uR9O59yjwL+nw=,U2FVEMfAm4TS8LVCaj/Zw8eRFZ0=
58,-160,BRV2dl9Gu0bFC+uR9O59yjwL+nw=,U2FVEMfAm4TS8LVCaj/Zw8eRFZ0=
52,-149,rPJccThkvPKS8XVOIby0/WjRCEA=,oJWf6pwLWG3cYNU1I1bsWNsQHlg=
48,-149,rPJccThkvPKS8XVOIby0/WjRCEA=,oJWf6pwLWG3cYNU1I1bsWNsQHlg=
48,-148,rPJccThkvPKS8XVOIby0/WjRCEA=,oJWf6pwLWG3cYNU1I1bsWNsQHlg=
49,-148,rPJccThkvPKS8XVOIby0/WjRCEA=,oJWf6pwLWG3cYNU1I1bsWNsQHlg=
50,-148,rPJccThkvPKS8XVOIby0/WjRCEA=,oJWf6pwLWG3cYNU1I1bsWNsQHlg=
51,-148,rPJccThkvPKS8XVOIby0/WjRCEA=,oJWf6pwLWG3cYNU1I1bsWNsQHlg=
52,-148,rPJccThkvPKS8XVOIby0/WjRCEA=,oJWf6pwLWG3cYNU1I1bsWNsQHlg=
50,-151,rPJccThkvPKS8XVOIby0/WjRCEA=,oJWf6pwLWG3cYNU1I1bsWNsQHlg=
51,-151,rPJccThkvPKS8XVOIby0/WjRCEA=,oJWf6pwLWG3cYNU1I1bsWNsQHlg=
49,-149,rPJccThkvPKS8XVOIby0/WjRCEA=,oJWf6pwLWG3cYNU1I1bsWNsQHlg=
52,-151,rPJccThkvPKS8XVOIby0/WjRCEA=,oJWf6pwLWG3cYNU1I1bsWNsQHlg=
50,-149,rPJccThkvPKS8XVOIby0/WjRCEA=,oJWf6pwLWG3cYNU1I1bsWNsQHlg=
48,-150,rPJccThkvPKS8XVOIby0/WjRCEA=,oJWf6pwLWG3cYNU1I1bsWNsQHlg=
49,-150,rPJccThkvPKS8XVOIby0/WjRCEA=,oJWf6pwLWG3cYNU1I1bsWNsQHlg=
51,-149,rPJccThkvPKS8XVOIby0/WjRCEA=,oJWf6pwLWG3cYNU1I1bsWNsQHlg=
50,-150,rPJccThkvPKS8XVOIby0/WjRCEA=,oJWf6pwLWG3cYNU1I1bsWNsQHlg=
48,-152,rPJccThkvPKS8XVOIby0/WjRCEA=,oJWf6pwLWG3cYNU1I1bsWNsQHlg=
49,-152,rPJccThkvPKS8XVOIby0/WjRCEA=,oJWf6pwLWG3cYNU1I1bsWNsQHlg=
50,-152,rPJccThkvPKS8XVOIby0/WjRCEA=,oJWf6pwLWG3cYNU1I1bsWNsQHlg=
51,-152,rPJccThkvPKS8XVOIby0/WjRCEA=,oJWf6pwLWG3cYNU1I1bsWNsQHlg=
52,-152,rPJccThkvPKS8XVOIby0/WjRCEA=,oJWf6pwLWG3cYNU1I1bsWNsQHlg=
51,-150,rPJccThkvPKS8XVOIby0/WjRCEA=,oJWf6pwLWG3cYNU1I1bsWNsQHlg=
52,-150,rPJccThkvPKS8XVOIby0/WjRCEA=,oJWf6pwLWG3cYNU1I1bsWNsQHlg=
48,-151,rPJccThkvPKS8XVOIby0/WjRCEA=,oJWf6pwLWG3cYNU1I1bsWNsQHlg=
49,-151,rPJccThkvPKS8XVOIby0/WjRCEA=,oJWf6pwLWG3cYNU1I1bsWNsQHlg=
48,-147,G7chSwULXkHrZABAwl8UkIILA60=,oJWf6pwLWG3cYNU1I1bsWNsQHlg=
49,-147,G7chSwULXkHrZABAwl8UkIILA60=,oJWf6pwLWG3cYNU1I1bsWNsQHlg=
50,-147,G7chSwULXkHrZABAwl8UkIILA60=,oJWf6pwLWG3cYNU1I1bsWNsQHlg=
51,-147,G7chSwULXkHrZABAwl8UkIILA60=,oJWf6pwLWG3cYNU1I1bsWNsQHlg=
52,-147,G7chSwULXkHrZABAwl8UkIILA60=,oJWf6pwLWG3cYNU1I1bsWNsQHlg=
48,-146,G7chSwULXkHrZABAwl8UkIILA60=,oJWf6pwLWG3cYNU1I1bsWNsQHlg=
49,-146,G7chSwULXkHrZABAwl8UkIILA60=,oJWf6pwLWG3cYNU1I1bsWNsQHlg=
50,-146,G7chSwULXkHrZABAwl8UkIILA60=,oJWf6pwLWG3cYNU1I1bsWNsQHlg=
51,-146,G7chSwULXkHrZABAwl8UkIILA60=,oJWf6pwLWG3cYNU1I1bsWNsQHlg=
52,-146,G7chSwULXkHrZABAwl8UkIILA60=,oJWf6pwLWG3cYNU1I1bsWNsQHlg=
48,-145,G7chSwULXkHrZABAwl8UkIILA60=,oJWf6pwLWG3cYNU1I1bsWNsQHlg=
49,-145,G7chSwULXkHrZABAwl8UkIILA60=,oJWf6pwLWG3cYNU1I1bsWNsQHlg=
50,-145,G7chSwULXkHrZABAwl8UkIILA60=,oJWf6pwLWG3cYNU1I1bsWNsQHlg=
51,-145,G7chSwULXkHrZABAwl8UkIILA60=,oJWf6pwLWG3cYNU1I1bsWNsQHlg=
52,-145,G7chSwULXkHrZABAwl8UkIILA60=,oJWf6pwLWG3cYNU1I1bsWNsQHlg=
63,-147,i3JnLS5j0boMZSQi6qst64oSKrs=,UrApRhHUsKMVSS960kPDRNfbuP4=
62,-147,i3JnLS5j0boMZSQi6qst64oSKrs=,UrApRhHUsKMVSS960kPDRNfbuP4=
59,-148,i3JnLS5j0boMZSQi6qst64oSKrs=,UrApRhHUsKMVSS960kPDRNfbuP4=
61,-147,i3JnLS5j0boMZSQi6qst64oSKrs=,UrApRhHUsKMVSS960kPDRNfbuP4=
60,-147,i3JnLS5j0boMZSQi6qst64oSKrs=,UrApRhHUsKMVSS960kPDRNfbuP4=
58,-149,i3JnLS5j0boMZSQi6qst64oSKrs=,UrApRhHUsKMVSS960kPDRNfbuP4=
57,-149,i3JnLS5j0boMZSQi6qst64oSKrs=,UrApRhHUsKMVSS960kPDRNfbuP4=
56,-149,i3JnLS5j0boMZSQi6qst64oSKrs=,UrApRhHUsKMVSS960kPDRNfbuP4=
59,-155,IIQTVAxqO086eQUQZhuqcgvHZM8=,U2FVEMfAm4TS8LVCaj/Zw8eRFZ0=
55,-151,IIQTVAxqO086eQUQZhuqcgvHZM8=,oJWf6pwLWG3cYNU1I1bsWNsQHlg=
53,-150,IIQTVAxqO086eQUQZhuqcgvHZM8=,oJWf6pwLWG3cYNU1I1bsWNsQHlg=
57,-147,IIQTVAxqO086eQUQZhuqcgvHZM8=,UrApRhHUsKMVSS960kPDRNfbuP4=
59,-153,IIQTVAxqO086eQUQZhuqcgvHZM8=,U2FVEMfAm4TS8LVCaj/Zw8eRFZ0=
54,-151,IIQTVAxqO086eQUQZhuqcgvHZM8=,oJWf6pwLWG3cYNU1I1bsWNsQHlg=
56,-147,IIQTVAxqO086eQUQZhuqcgvHZM8=,UrApRhHUsKMVSS960kPDRNfbuP4=
63,-148,IIQTVAxqO086eQUQZhuqcgvHZM8=,UrApRhHUsKMVSS960kPDRNfbuP4=
58,-153,IIQTVAxqO086eQUQZhuqcgvHZM8=,U2FVEMfAm4TS8LVCaj/Zw8eRFZ0=
62,-148,IIQTVAxqO086eQUQZhuqcgvHZM8=,UrApRhHUsKMVSS960kPDRNfbuP4=
55,-152,IIQTVAxqO086eQUQZhuqcgvHZM8=,oJWf6pwLWG3cYNU1I1bsWNsQHlg=
57,-153,IIQTVAxqO086eQUQZhuqcgvHZM8=,U2FVEMfAm4TS8LVCaj/Zw8eRFZ0=
54,-152,IIQTVAxqO086eQUQZhuqcgvHZM8=,oJWf6pwLWG3cYNU1I1bsWNsQHlg=
58,-155,IIQTVAxqO086eQUQZhuqcgvHZM8=,U2FVEMfAm4TS8LVCaj/Zw8eRFZ0=
57,-150,IIQTVAxqO086eQUQZhuqcgvHZM8=,UrApRhHUsKMVSS960kPDRNfbuP4=
56,-150,IIQTVAxqO086eQUQZhuqcgvHZM8=,UrApRhHUsKMVSS960kPDRNfbuP4=
56,-153,IIQTVAxqO086eQUQZhuqcgvHZM8=,U2FVEMfAm4TS8LVCaj/Zw8eRFZ0=
53,-152,IIQTVAxqO086eQUQZhuqcgvHZM8=,oJWf6pwLWG3cYNU1I1bsWNsQHlg=
56,-152,IIQTVAxqO086eQUQZhuqcgvHZM8=,UrApRhHUsKMVSS960kPDRNfbuP4=
62,-154,IIQTVAxqO086eQUQZhuqcgvHZM8=,U2FVEMfAm4TS8LVCaj/Zw8eRFZ0=
63,-151,IIQTVAxqO086eQUQZhuqcgvHZM8=,UrApRhHUsKMVSS960kPDRNfbuP4=
53,-151,IIQTVAxqO086eQUQZhuqcgvHZM8=,oJWf6pwLWG3cYNU1I1bsWNsQHlg=
61,-154,IIQTVAxqO086eQUQZhuqcgvHZM8=,U2FVEMfAm4TS8LVCaj/Zw8eRFZ0=
63,-150,IIQTVAxqO086eQUQZhuqcgvHZM8=,UrApRhHUsKMVSS960kPDRNfbuP4=
56,-146,IIQTVAxqO086eQUQZhuqcgvHZM8=,UrApRhHUsKMVSS960kPDRNfbuP4=
57,-151,IIQTVAxqO086eQUQZhuqcgvHZM8=,UrApRhHUsKMVSS960kPDRNfbuP4=
57,-146,IIQTVAxqO086eQUQZhuqcgvHZM8=,UrApRhHUsKMVSS960kPDRNfbuP4=
60,-148,IIQTVAxqO086eQUQZhuqcgvHZM8=,UrApRhHUsKMVSS960kPDRNfbuP4=
61,-148,IIQTVAxqO086eQUQZhuqcgvHZM8=,UrApRhHUsKMVSS960kPDRNfbuP4=
53,-149,IIQTVAxqO086eQUQZhuqcgvHZM8=,oJWf6pwLWG3cYNU1I1bsWNsQHlg=
58,-148,IIQTVAxqO086eQUQZhuqcgvHZM8=,UrApRhHUsKMVSS960kPDRNfbuP4=
62,-150,IIQTVAxqO086eQUQZhuqcgvHZM8=,UrApRhHUsKMVSS960kPDRNfbuP4=
57,-155,IIQTVAxqO086eQUQZhuqcgvHZM8=,U2FVEMfAm4TS8LVCaj/Zw8eRFZ0=
56,-151,IIQTVAxqO086eQUQZhuqcgvHZM8=,UrApRhHUsKMVSS960kPDRNfbuP4=
60,-153,IIQTVAxqO086eQUQZhuqcgvHZM8=,U2FVEMfAm4TS8LVCaj/Zw8eRFZ0=
58,-146,IIQTVAxqO086eQUQZhuqcgvHZM8=,UrApRhHUsKMVSS960kPDRNfbuP4=
54,-149,IIQTVAxqO086eQUQZhuqcgvHZM8=,oJWf6pwLWG3cYNU1I1bsWNsQHlg=
59,-146,IIQTVAxqO086eQUQZhuqcgvHZM8=,UrApRhHUsKMVSS960kPDRNfbuP4=
60,-155,IIQTVAxqO086eQUQZhuqcgvHZM8=,U2FVEMfAm4TS8LVCaj/Zw8eRFZ0=
61,-155,IIQTVAxqO086eQUQZhuqcgvHZM8=,U2FVEMfAm4TS8LVCaj/Zw8eRFZ0=
55,-149,IIQTVAxqO086eQUQZhuqcgvHZM8=,oJWf6pwLWG3cYNU1I1bsWNsQHlg=
60,-146,IIQTVAxqO086eQUQZhuqcgvHZM8=,UrApRhHUsKMVSS960kPDRNfbuP4=
58,-151,IIQTVAxqO086eQUQZhuqcgvHZM8=,UrApRhHUsKMVSS960kPDRNfbuP4=
61,-150,IIQTVAxqO086eQUQZhuqcgvHZM8=,UrApRhHUsKMVSS960kPDRNfbuP4=
58,-147,IIQTVAxqO086eQUQZhuqcgvHZM8=,UrApRhHUsKMVSS960kPDRNfbuP4=
54,-150,IIQTVAxqO086eQUQZhuqcgvHZM8=,oJWf6pwLWG3cYNU1I1bsWNsQHlg=
59,-147,IIQTVAxqO086eQUQZhuqcgvHZM8=,UrApRhHUsKMVSS960kPDRNfbuP4=
61,-153,IIQTVAxqO086eQUQZhuqcgvHZM8=,U2FVEMfAm4TS8LVCaj/Zw8eRFZ0=
57,-148,IIQTVAxqO086eQUQZhuqcgvHZM8=,UrApRhHUsKMVSS960kPDRNfbuP4=
56,-148,IIQTVAxqO086eQUQZhuqcgvHZM8=,UrApRhHUsKMVSS960kPDRNfbuP4=
56,-155,IIQTVAxqO086eQUQZhuqcgvHZM8=,U2FVEMfAm4TS8LVCaj/Zw8eRFZ0=
59,-149,IIQTVAxqO086eQUQZhuqcgvHZM8=,UrApRhHUsKMVSS960kPDRNfbuP4=
55,-145,IIQTVAxqO086eQUQZhuqcgvHZM8=,oJWf6pwLWG3cYNU1I1bsWNsQHlg=
63,-154,IIQTVAxqO086eQUQZhuqcgvHZM8=,U2FVEMfAm4TS8LVCaj/Zw8eRFZ0=
63,-152,IIQTVAxqO086eQUQZhuqcgvHZM8=,UrApRhHUsKMVSS960kPDRNfbuP4=
54,-145,IIQTVAxqO086eQUQZhuqcgvHZM8=,oJWf6pwLWG3cYNU1I1bsWNsQHlg=
60,-154,IIQTVAxqO086eQUQZhuqcgvHZM8=,U2FVEMfAm4TS8LVCaj/Zw8eRFZ0=
62,-152,IIQTVAxqO086eQUQZhuqcgvHZM8=,UrApRhHUsKMVSS960kPDRNfbuP4=
63,-145,IIQTVAxqO086eQUQZhuqcgvHZM8=,UrApRhHUsKMVSS960kPDRNfbuP4=
62,-145,IIQTVAxqO086eQUQZhuqcgvHZM8=,UrApRhHUsKMVSS960kPDRNfbuP4=
61,-145,IIQTVAxqO086eQUQZhuqcgvHZM8=,UrApRhHUsKMVSS960kPDRNfbuP4=
53,-145,IIQTVAxqO086eQUQZhuqcgvHZM8=,oJWf6pwLWG3cYNU1I1bsWNsQHlg=
61,-152,IIQTVAxqO086eQUQZhuqcgvHZM8=,UrApRhHUsKMVSS960kPDRNfbuP4=
60,-145,IIQTVAxqO086eQUQZhuqcgvHZM8=,UrApRhHUsKMVSS960kPDRNfbuP4=
59,-145,IIQTVAxqO086eQUQZhuqcgvHZM8=,UrApRhHUsKMVSS960kPDRNfbuP4=
58,-145,IIQTVAxqO086eQUQZhuqcgvHZM8=,UrApRhHUsKMVSS960kPDRNfbuP4=
59,-154,IIQTVAxqO086eQUQZhuqcgvHZM8=,U2FVEMfAm4TS8LVCaj/Zw8eRFZ0=
60,-152,IIQTVAxqO086eQUQZhuqcgvHZM8=,UrApRhHUsKMVSS960kPDRNfbuP4=
54,-146,IIQTVAxqO086eQUQZhuqcgvHZM8=,oJWf6pwLWG3cYNU1I1bsWNsQHlg=
58,-154,IIQTVAxqO086eQUQZhuqcgvHZM8=,U2FVEMfAm4TS8LVCaj/Zw8eRFZ0=
57,-145,IIQTVAxqO086eQUQZhuqcgvHZM8=,UrApRhHUsKMVSS960kPDRNfbuP4=
56,-145,IIQTVAxqO086eQUQZhuqcgvHZM8=,UrApRhHUsKMVSS960kPDRNfbuP4=
53,-146,IIQTVAxqO086eQUQZhuqcgvHZM8=,oJWf6pwLWG3cYNU1I1bsWNsQHlg=
63,-146,IIQTVAxqO086eQUQZhuqcgvHZM8=,UrApRhHUsKMVSS960kPDRNfbuP4=
60,-150,IIQTVAxqO086eQUQZhuqcgvHZM8=,UrApRhHUsKMVSS960kPDRNfbuP4=
62,-146,IIQTVAxqO086eQUQZhuqcgvHZM8=,UrApRhHUsKMVSS960kPDRNfbuP4=
59,-151,IIQTVAxqO086eQUQZhuqcgvHZM8=,UrApRhHUsKMVSS960kPDRNfbuP4=
55,-150,IIQTVAxqO086eQUQZhuqcgvHZM8=,oJWf6pwLWG3cYNU1I1bsWNsQHlg=
60,-149,IIQTVAxqO086eQUQZhuqcgvHZM8=,UrApRhHUsKMVSS960kPDRNfbuP4=
57,-152,IIQTVAxqO086eQUQZhuqcgvHZM8=,UrApRhHUsKMVSS960kPDRNfbuP4=
62,-155,IIQTVAxqO086eQUQZhuqcgvHZM8=,U2FVEMfAm4TS8LVCaj/Zw8eRFZ0=
59,-150,IIQTVAxqO086eQUQZhuqcgvHZM8=,UrApRhHUsKMVSS960kPDRNfbuP4=
58,-150,IIQTVAxqO086eQUQZhuqcgvHZM8=,UrApRhHUsKMVSS960kPDRNfbuP4=
59,-152,IIQTVAxqO086eQUQZhuqcgvHZM8=,UrApRhHUsKMVSS960kPDRNfbuP4=
55,-147,IIQTVAxqO086eQUQZhuqcgvHZM8=,oJWf6pwLWG3cYNU1I1bsWNsQHlg=
54,-147,IIQTVAxqO086eQUQZhuqcgvHZM8=,oJWf6pwLWG3cYNU1I1bsWNsQHlg=
57,-154,IIQTVAxqO086eQUQZhuqcgvHZM8=,U2FVEMfAm4TS8LVCaj/Zw8eRFZ0=
61,-146,IIQTVAxqO086eQUQZhuqcgvHZM8=,UrApRhHUsKMVSS960kPDRNfbuP4=
62,-151,IIQTVAxqO086eQUQZhuqcgvHZM8=,UrApRhHUsKMVSS960kPDRNfbuP4=
56,-154,IIQTVAxqO086eQUQZhuqcgvHZM8=,U2FVEMfAm4TS8LVCaj/Zw8eRFZ0=
53,-147,IIQTVAxqO086eQUQZhuqcgvHZM8=,oJWf6pwLWG3cYNU1I1bsWNsQHlg=
61,-151,IIQTVAxqO086eQUQZhuqcgvHZM8=,UrApRhHUsKMVSS960kPDRNfbuP4=
63,-155,IIQTVAxqO086eQUQZhuqcgvHZM8=,U2FVEMfAm4TS8LVCaj/Zw8eRFZ0=
63,-153,IIQTVAxqO086eQUQZhuqcgvHZM8=,U2FVEMfAm4TS8LVCaj/Zw8eRFZ0=
62,-153,IIQTVAxqO086eQUQZhuqcgvHZM8=,U2FVEMfAm4TS8LVCaj/Zw8eRFZ0=
63,-149,IIQTVAxqO086eQUQZhuqcgvHZM8=,UrApRhHUsKMVSS960kPDRNfbuP4=
55,-148,IIQTVAxqO086eQUQZhuqcgvHZM8=,oJWf6pwLWG3cYNU1I1bsWNsQHlg=
54,-148,IIQTVAxqO086eQUQZhuqcgvHZM8=,oJWf6pwLWG3cYNU1I1bsWNsQHlg=
62,-149,IIQTVAxqO086eQUQZhuqcgvHZM8=,UrApRhHUsKMVSS960kPDRNfbuP4=
61,-149,IIQTVAxqO086eQUQZhuqcgvHZM8=,UrApRhHUsKMVSS960kPDRNfbuP4=
53,-148,IIQTVAxqO086eQUQZhuqcgvHZM8=,oJWf6pwLWG3cYNU1I1bsWNsQHlg=
58,-152,IIQTVAxqO086eQUQZhuqcgvHZM8=,UrApRhHUsKMVSS960kPDRNfbuP4=
55,-146,IIQTVAxqO086eQUQZhuqcgvHZM8=,oJWf6pwLWG3cYNU1I1bsWNsQHlg=
60,-151,IIQTVAxqO086eQUQZhuqcgvHZM8=,UrApRhHUsKMVSS960kPDRNfbuP4=
51,-138,gHKRfFh1YWmPAzYgrcXahjPcXQ0=,dyTCQG50+F6bi9wIU1dl2HX3vSw=
50,-141,gHKRfFh1YWmPAzYgrcXahjPcXQ0=,dyTCQG50+F6bi9wIU1dl2HX3vSw=
50,-138,gHKRfFh1YWmPAzYgrcXahjPcXQ0=,dyTCQG50+F6bi9wIU1dl2HX3vSw=
49,-141,gHKRfFh1YWmPAzYgrcXahjPcXQ0=,dyTCQG50+F6bi9wIU1dl2HX3vSw=
49,-138,gHKRfFh1YWmPAzYgrcXahjPcXQ0=,dyTCQG50+F6bi9wIU1dl2HX3vSw=
48,-138,gHKRfFh1YWmPAzYgrcXahjPcXQ0=,dyTCQG50+F6bi9wIU1dl2HX3vSw=
48,-141,gHKRfFh1YWmPAzYgrcXahjPcXQ0=,dyTCQG50+F6bi9wIU1dl2HX3vSw=
55,-139,gHKRfFh1YWmPAzYgrcXahjPcXQ0=,dyTCQG50+F6bi9wIU1dl2HX3vSw=
54,-139,gHKRfFh1YWmPAzYgrcXahjPcXQ0=,dyTCQG50+F6bi9wIU1dl2HX3vSw=
53,-139,gHKRfFh1YWmPAzYgrcXahjPcXQ0=,dyTCQG50+F6bi9wIU1dl2HX3vSw=
52,-139,gHKRfFh1YWmPAzYgrcXahjPcXQ0=,dyTCQG50+F6bi9wIU1dl2HX3vSw=
51,-139,gHKRfFh1YWmPAzYgrcXahjPcXQ0=,dyTCQG50+F6bi9wIU1dl2HX3vSw=
48,-143,gHKRfFh1YWmPAzYgrcXahjPcXQ0=,dyTCQG50+F6bi9wIU1dl2HX3vSw=
55,-144,gHKRfFh1YWmPAzYgrcXahjPcXQ0=,dyTCQG50+F6bi9wIU1dl2HX3vSw=
54,-144,gHKRfFh1YWmPAzYgrcXahjPcXQ0=,dyTCQG50+F6bi9wIU1dl2HX3vSw=
49,-142,gHKRfFh1YWmPAzYgrcXahjPcXQ0=,dyTCQG50+F6bi9wIU1dl2HX3vSw=
48,-142,gHKRfFh1YWmPAzYgrcXahjPcXQ0=,dyTCQG50+F6bi9wIU1dl2HX3vSw=
55,-143,gHKRfFh1YWmPAzYgrcXahjPcXQ0=,dyTCQG50+F6bi9wIU1dl2HX3vSw=
55,-142,gHKRfFh1YWmPAzYgrcXahjPcXQ0=,dyTCQG50+F6bi9wIU1dl2HX3vSw=
50,-139,gHKRfFh1YWmPAzYgrcXahjPcXQ0=,dyTCQG50+F6bi9wIU1dl2HX3vSw=
53,-144,gHKRfFh1YWmPAzYgrcXahjPcXQ0=,dyTCQG50+F6bi9wIU1dl2HX3vSw=
55,-137,gHKRfFh1YWmPAzYgrcXahjPcXQ0=,dyTCQG50+F6bi9wIU1dl2HX3vSw=
52,-144,gHKRfFh1YWmPAzYgrcXahjPcXQ0=,dyTCQG50+F6bi9wIU1dl2HX3vSw=
54,-137,gHKRfFh1YWmPAzYgrcXahjPcXQ0=,dyTCQG50+F6bi9wIU1dl2HX3vSw=
49,-139,gHKRfFh1YWmPAzYgrcXahjPcXQ0=,dyTCQG50+F6bi9wIU1dl2HX3vSw=
48,-139,gHKRfFh1YWmPAzYgrcXahjPcXQ0=,dyTCQG50+F6bi9wIU1dl2HX3vSw=
51,-144,gHKRfFh1YWmPAzYgrcXahjPcXQ0=,dyTCQG50+F6bi9wIU1dl2HX3vSw=
50,-144,gHKRfFh1YWmPAzYgrcXahjPcXQ0=,dyTCQG50+F6bi9wIU1dl2HX3vSw=
55,-140,gHKRfFh1YWmPAzYgrcXahjPcXQ0=,dyTCQG50+F6bi9wIU1dl2HX3vSw=
49,-144,gHKRfFh1YWmPAzYgrcXahjPcXQ0=,dyTCQG50+F6bi9wIU1dl2HX3vSw=
48,-144,gHKRfFh1YWmPAzYgrcXahjPcXQ0=,dyTCQG50+F6bi9wIU1dl2HX3vSw=
53,-137,gHKRfFh1YWmPAzYgrcXahjPcXQ0=,dyTCQG50+F6bi9wIU1dl2HX3vSw=
54,-143,gHKRfFh1YWmPAzYgrcXahjPcXQ0=,dyTCQG50+F6bi9wIU1dl2HX3vSw=
52,-137,gHKRfFh1YWmPAzYgrcXahjPcXQ0=,dyTCQG50+F6bi9wIU1dl2HX3vSw=
53,-143,gHKRfFh1YWmPAzYgrcXahjPcXQ0=,dyTCQG50+F6bi9wIU1dl2HX3vSw=
52,-143,gHKRfFh1YWmPAzYgrcXahjPcXQ0=,dyTCQG50+F6bi9wIU1dl2HX3vSw=
54,-140,gHKRfFh1YWmPAzYgrcXahjPcXQ0=,dyTCQG50+F6bi9wIU1dl2HX3vSw=
53,-140,gHKRfFh1YWmPAzYgrcXahjPcXQ0=,dyTCQG50+F6bi9wIU1dl2HX3vSw=
52,-140,gHKRfFh1YWmPAzYgrcXahjPcXQ0=,dyTCQG50+F6bi9wIU1dl2HX3vSw=
54,-142,gHKRfFh1YWmPAzYgrcXahjPcXQ0=,dyTCQG50+F6bi9wIU1dl2HX3vSw=
53,-142,gHKRfFh1YWmPAzYgrcXahjPcXQ0=,dyTCQG50+F6bi9wIU1dl2HX3vSw=
51,-140,gHKRfFh1YWmPAzYgrcXahjPcXQ0=,dyTCQG50+F6bi9wIU1dl2HX3vSw=
51,-137,gHKRfFh1YWmPAzYgrcXahjPcXQ0=,dyTCQG50+F6bi9wIU1dl2HX3vSw=
50,-137,gHKRfFh1YWmPAzYgrcXahjPcXQ0=,dyTCQG50+F6bi9wIU1dl2HX3vSw=
50,-140,gHKRfFh1YWmPAzYgrcXahjPcXQ0=,dyTCQG50+F6bi9wIU1dl2HX3vSw=
51,-143,gHKRfFh1YWmPAzYgrcXahjPcXQ0=,dyTCQG50+F6bi9wIU1dl2HX3vSw=
50,-143,gHKRfFh1YWmPAzYgrcXahjPcXQ0=,dyTCQG50+F6bi9wIU1dl2HX3vSw=
49,-143,gHKRfFh1YWmPAzYgrcXahjPcXQ0=,dyTCQG50+F6bi9wIU1dl2HX3vSw=
49,-137,gHKRfFh1YWmPAzYgrcXahjPcXQ0=,dyTCQG50+F6bi9wIU1dl2HX3vSw=
49,-140,gHKRfFh1YWmPAzYgrcXahjPcXQ0=,dyTCQG50+F6bi9wIU1dl2HX3vSw=
48,-137,gHKRfFh1YWmPAzYgrcXahjPcXQ0=,dyTCQG50+F6bi9wIU1dl2HX3vSw=
55,-138,gHKRfFh1YWmPAzYgrcXahjPcXQ0=,dyTCQG50+F6bi9wIU1dl2HX3vSw=
52,-142,gHKRfFh1YWmPAzYgrcXahjPcXQ0=,dyTCQG50+F6bi9wIU1dl2HX3vSw=
48,-140,gHKRfFh1YWmPAzYgrcXahjPcXQ0=,dyTCQG50+F6bi9wIU1dl2HX3vSw=
55,-141,gHKRfFh1YWmPAzYgrcXahjPcXQ0=,dyTCQG50+F6bi9wIU1dl2HX3vSw=
54,-141,gHKRfFh1YWmPAzYgrcXahjPcXQ0=,dyTCQG50+F6bi9wIU1dl2HX3vSw=
53,-141,gHKRfFh1YWmPAzYgrcXahjPcXQ0=,dyTCQG50+F6bi9wIU1dl2HX3vSw=
52,-141,gHKRfFh1YWmPAzYgrcXahjPcXQ0=,dyTCQG50+F6bi9wIU1dl2HX3vSw=
54,-138,gHKRfFh1YWmPAzYgrcXahjPcXQ0=,dyTCQG50+F6bi9wIU1dl2HX3vSw=
51,-141,gHKRfFh1YWmPAzYgrcXahjPcXQ0=,dyTCQG50+F6bi9wIU1dl2HX3vSw=
51,-142,gHKRfFh1YWmPAzYgrcXahjPcXQ0=,dyTCQG50+F6bi9wIU1dl2HX3vSw=
50,-142,gHKRfFh1YWmPAzYgrcXahjPcXQ0=,dyTCQG50+F6bi9wIU1dl2HX3vSw=
53,-138,gHKRfFh1YWmPAzYgrcXahjPcXQ0=,dyTCQG50+F6bi9wIU1dl2HX3vSw=
52,-138,gHKRfFh1YWmPAzYgrcXahjPcXQ0=,dyTCQG50+F6bi9wIU1dl2HX3vSw=
35,-133,B9XCUWLGerLnn3bnbTqhDWwzV7I=,7dFjquVdYS73aoXaimIzoOxRTUA=
36,-133,B9XCUWLGerLnn3bnbTqhDWwzV7I=,7dFjquVdYS73aoXaimIzoOxRTUA=
35,-132,B9XCUWLGerLnn3bnbTqhDWwzV7I=,7dFjquVdYS73aoXaimIzoOxRTUA=
36,-132,B9XCUWLGerLnn3bnbTqhDWwzV7I=,7dFjquVdYS73aoXaimIzoOxRTUA=
35,-136,B9XCUWLGerLnn3bnbTqhDWwzV7I=,7dFjquVdYS73aoXaimIzoOxRTUA=
36,-136,B9XCUWLGerLnn3bnbTqhDWwzV7I=,7dFjquVdYS73aoXaimIzoOxRTUA=
35,-135,B9XCUWLGerLnn3bnbTqhDWwzV7I=,7dFjquVdYS73aoXaimIzoOxRTUA=
36,-135,B9XCUWLGerLnn3bnbTqhDWwzV7I=,7dFjquVdYS73aoXaimIzoOxRTUA=
35,-134,B9XCUWLGerLnn3bnbTqhDWwzV7I=,7dFjquVdYS73aoXaimIzoOxRTUA=
36,-134,B9XCUWLGerLnn3bnbTqhDWwzV7I=,7dFjquVdYS73aoXaimIzoOxRTUA=
35,-131,B9XCUWLGerLnn3bnbTqhDWwzV7I=,7dFjquVdYS73aoXaimIzoOxRTUA=
36,-131,B9XCUWLGerLnn3bnbTqhDWwzV7I=,7dFjquVdYS73aoXaimIzoOxRTUA=
35,-129,B9XCUWLGerLnn3bnbTqhDWwzV7I=,7dFjquVdYS73aoXaimIzoOxRTUA=
36,-129,B9XCUWLGerLnn3bnbTqhDWwzV7I=,7dFjquVdYS73aoXaimIzoOxRTUA=
35,-130,B9XCUWLGerLnn3bnbTqhDWwzV7I=,7dFjquVdYS73aoXaimIzoOxRTUA=
36,-130,B9XCUWLGerLnn3bnbTqhDWwzV7I=,7dFjquVdYS73aoXaimIzoOxRTUA=
32,-133,IlAyFuKv2AJmFw+UHTixL8yNVcc=,7dFjquVdYS73aoXaimIzoOxRTUA=
33,-133,IlAyFuKv2AJmFw+UHTixL8yNVcc=,7dFjquVdYS73aoXaimIzoOxRTUA=
34,-133,IlAyFuKv2AJmFw+UHTixL8yNVcc=,7dFjquVdYS73aoXaimIzoOxRTUA=
32,-132,IlAyFuKv2AJmFw+UHTixL8yNVcc=,7dFjquVdYS73aoXaimIzoOxRTUA=
33,-132,IlAyFuKv2AJmFw+UHTixL8yNVcc=,7dFjquVdYS73aoXaimIzoOxRTUA=
34,-132,IlAyFuKv2AJmFw+UHTixL8yNVcc=,7dFjquVdYS73aoXaimIzoOxRTUA=
32,-136,IlAyFuKv2AJmFw+UHTixL8yNVcc=,7dFjquVdYS73aoXaimIzoOxRTUA=
33,-136,IlAyFuKv2AJmFw+UHTixL8yNVcc=,7dFjquVdYS73aoXaimIzoOxRTUA=
34,-136,IlAyFuKv2AJmFw+UHTixL8yNVcc=,7dFjquVdYS73aoXaimIzoOxRTUA=
32,-135,IlAyFuKv2AJmFw+UHTixL8yNVcc=,7dFjquVdYS73aoXaimIzoOxRTUA=
33,-135,IlAyFuKv2AJmFw+UHTixL8yNVcc=,7dFjquVdYS73aoXaimIzoOxRTUA=
34,-135,IlAyFuKv2AJmFw+UHTixL8yNVcc=,7dFjquVdYS73aoXaimIzoOxRTUA=
32,-134,IlAyFuKv2AJmFw+UHTixL8yNVcc=,7dFjquVdYS73aoXaimIzoOxRTUA=
33,-134,IlAyFuKv2AJmFw+UHTixL8yNVcc=,7dFjquVdYS73aoXaimIzoOxRTUA=
34,-134,IlAyFuKv2AJmFw+UHTixL8yNVcc=,7dFjquVdYS73aoXaimIzoOxRTUA=
32,-131,IlAyFuKv2AJmFw+UHTixL8yNVcc=,7dFjquVdYS73aoXaimIzoOxRTUA=
33,-131,IlAyFuKv2AJmFw+UHTixL8yNVcc=,7dFjquVdYS73aoXaimIzoOxRTUA=
32,-129,IlAyFuKv2AJmFw+UHTixL8yNVcc=,7dFjquVdYS73aoXaimIzoOxRTUA=
33,-129,IlAyFuKv2AJmFw+UHTixL8yNVcc=,7dFjquVdYS73aoXaimIzoOxRTUA=
34,-129,IlAyFuKv2AJmFw+UHTixL8yNVcc=,7dFjquVdYS73aoXaimIzoOxRTUA=
34,-131,IlAyFuKv2AJmFw+UHTixL8yNVcc=,7dFjquVdYS73aoXaimIzoOxRTUA=
32,-130,IlAyFuKv2AJmFw+UHTixL8yNVcc=,7dFjquVdYS73aoXaimIzoOxRTUA=
33,-130,IlAyFuKv2AJmFw+UHTixL8yNVcc=,7dFjquVdYS73aoXaimIzoOxRTUA=
34,-130,IlAyFuKv2AJmFw+UHTixL8yNVcc=,7dFjquVdYS73aoXaimIzoOxRTUA=
47,-142,1FLl63KkN+6QR3LUC0klFuULF4E=,yLsItr6sUUmjZ4q1euNxFxuy+tg=
40,-141,1FLl63KkN+6QR3LUC0klFuULF4E=,yLsItr6sUUmjZ4q1euNxFxuy+tg=
41,-141,1FLl63KkN+6QR3LUC0klFuULF4E=,yLsItr6sUUmjZ4q1euNxFxuy+tg=
41,-142,1FLl63KkN+6QR3LUC0klFuULF4E=,yLsItr6sUUmjZ4q1euNxFxuy+tg=
42,-141,1FLl63KkN+6QR3LUC0klFuULF4E=,yLsItr6sUUmjZ4q1euNxFxuy+tg=
42,-142,1FLl63KkN+6QR3LUC0klFuULF4E=,yLsItr6sUUmjZ4q1euNxFxuy+tg=
43,-141,1FLl63KkN+6QR3LUC0klFuULF4E=,yLsItr6sUUmjZ4q1euNxFxuy+tg=
44,-141,1FLl63KkN+6QR3LUC0klFuULF4E=,yLsItr6sUUmjZ4q1euNxFxuy+tg=
45,-141,1FLl63KkN+6QR3LUC0klFuULF4E=,yLsItr6sUUmjZ4q1euNxFxuy+tg=
40,-144,1FLl63KkN+6QR3LUC0klFuULF4E=,yLsItr6sUUmjZ4q1euNxFxuy+tg=
46,-141,1FLl63KkN+6QR3LUC0klFuULF4E=,yLsItr6sUUmjZ4q1euNxFxuy+tg=
47,-141,1FLl63KkN+6QR3LUC0klFuULF4E=,yLsItr6sUUmjZ4q1euNxFxuy+tg=
41,-144,1FLl63KkN+6QR3LUC0klFuULF4E=,yLsItr6sUUmjZ4q1euNxFxuy+tg=
42,-144,1FLl63KkN+6QR3LUC0klFuULF4E=,yLsItr6sUUmjZ4q1euNxFxuy+tg=
43,-144,1FLl63KkN+6QR3LUC0klFuULF4E=,yLsItr6sUUmjZ4q1euNxFxuy+tg=
44,-144,1FLl63KkN+6QR3LUC0klFuULF4E=,yLsItr6sUUmjZ4q1euNxFxuy+tg=
45,-144,1FLl63KkN+6QR3LUC0klFuULF4E=,yLsItr6sUUmjZ4q1euNxFxuy+tg=
40,-140,1FLl63KkN+6QR3LUC0klFuULF4E=,yLsItr6sUUmjZ4q1euNxFxuy+tg=
41,-140,1FLl63KkN+6QR3LUC0klFuULF4E=,yLsItr6sUUmjZ4q1euNxFxuy+tg=
46,-144,1FLl63KkN+6QR3LUC0klFuULF4E=,yLsItr6sUUmjZ4q1euNxFxuy+tg=
47,-144,1FLl63KkN+6QR3LUC0klFuULF4E=,yLsItr6sUUmjZ4q1euNxFxuy+tg=
40,-143,1FLl63KkN+6QR3LUC0klFuULF4E=,yLsItr6sUUmjZ4q1euNxFxuy+tg=
41,-143,1FLl63KkN+6QR3LUC0klFuULF4E=,yLsItr6sUUmjZ4q1euNxFxuy+tg=
42,-143,1FLl63KkN+6QR3LUC0klFuULF4E=,yLsItr6sUUmjZ4q1euNxFxuy+tg=
42,-140,1FLl63KkN+6QR3LUC0klFuULF4E=,yLsItr6sUUmjZ4q1euNxFxuy+tg=
43,-140,1FLl63KkN+6QR3LUC0klFuULF4E=,yLsItr6sUUmjZ4q1euNxFxuy+tg=
44,-140,1FLl63KkN+6QR3LUC0klFuULF4E=,yLsItr6sUUmjZ4q1euNxFxuy+tg=
40,-142,1FLl63KkN+6QR3LUC0klFuULF4E=,yLsItr6sUUmjZ4q1euNxFxuy+tg=
47,-143,1FLl63KkN+6QR3LUC0klFuULF4E=,yLsItr6sUUmjZ4q1euNxFxuy+tg=
46,-143,1FLl63KkN+6QR3LUC0klFuULF4E=,yLsItr6sUUmjZ4q1euNxFxuy+tg=
45,-143,1FLl63KkN+6QR3LUC0klFuULF4E=,yLsItr6sUUmjZ4q1euNxFxuy+tg=
44,-143,1FLl63KkN+6QR3LUC0klFuULF4E=,yLsItr6sUUmjZ4q1euNxFxuy+tg=
46,-142,1FLl63KkN+6QR3LUC0klFuULF4E=,yLsItr6sUUmjZ4q1euNxFxuy+tg=
45,-142,1FLl63KkN+6QR3LUC0klFuULF4E=,yLsItr6sUUmjZ4q1euNxFxuy+tg=
43,-143,1FLl63KkN+6QR3LUC0klFuULF4E=,yLsItr6sUUmjZ4q1euNxFxuy+tg=
44,-142,1FLl63KkN+6QR3LUC0klFuULF4E=,yLsItr6sUUmjZ4q1euNxFxuy+tg=
47,-140,1FLl63KkN+6QR3LUC0klFuULF4E=,yLsItr6sUUmjZ4q1euNxFxuy+tg=
46,-140,1FLl63KkN+6QR3LUC0klFuULF4E=,yLsItr6sUUmjZ4q1euNxFxuy+tg=
45,-140,1FLl63KkN+6QR3LUC0klFuULF4E=,yLsItr6sUUmjZ4q1euNxFxuy+tg=
43,-142,1FLl63KkN+6QR3LUC0klFuULF4E=,yLsItr6sUUmjZ4q1euNxFxuy+tg=
38,-134,g2+g/T6n9V9T+Sve+As7jSm5BqE=,7dFjquVdYS73aoXaimIzoOxRTUA=
46,-139,g2+g/T6n9V9T+Sve+As7jSm5BqE=,yLsItr6sUUmjZ4q1euNxFxuy+tg=
47,-139,g2+g/T6n9V9T+Sve+As7jSm5BqE=,yLsItr6sUUmjZ4q1euNxFxuy+tg=
43,-129,g2+g/T6n9V9T+Sve+As7jSm5BqE=,qGNC1tGD4FxmhIqkbyyBJYURE4c=
45,-139,g2+g/T6n9V9T+Sve+As7jSm5BqE=,yLsItr6sUUmjZ4q1euNxFxuy+tg=
37,-134,g2+g/T6n9V9T+Sve+As7jSm5BqE=,7dFjquVdYS73aoXaimIzoOxRTUA=
47,-129,g2+g/T6n9V9T+Sve+As7jSm5BqE=,qGNC1tGD4FxmhIqkbyyBJYURE4c=
45,-130,g2+g/T6n9V9T+Sve+As7jSm5BqE=,qGNC1tGD4FxmhIqkbyyBJYURE4c=
43,-132,g2+g/T6n9V9T+Sve+As7jSm5BqE=,qGNC1tGD4FxmhIqkbyyBJYURE4c=
44,-139,g2+g/T6n9V9T+Sve+As7jSm5BqE=,yLsItr6sUUmjZ4q1euNxFxuy+tg=
42,-129,g2+g/T6n9V9T+Sve+As7jSm5BqE=,qGNC1tGD4FxmhIqkbyyBJYURE4c=
43,-139,g2+g/T6n9V9T+Sve+As7jSm5BqE=,yLsItr6sUUmjZ4q1euNxFxuy+tg=
39,-135,g2+g/T6n9V9T+Sve+As7jSm5BqE=,7dFjquVdYS73aoXaimIzoOxRTUA=
42,-139,g2+g/T6n9V9T+Sve+As7jSm5BqE=,yLsItr6sUUmjZ4q1euNxFxuy+tg=
42,-132,g2+g/T6n9V9T+Sve+As7jSm5BqE=,qGNC1tGD4FxmhIqkbyyBJYURE4c=
37,-130,g2+g/T6n9V9T+Sve+As7jSm5BqE=,7dFjquVdYS73aoXaimIzoOxRTUA=
41,-139,YUtVpN5CmwZMuiPEU2EANCErNpU=,yLsItr6sUUmjZ4q1euNxFxuy+tg=
43,-130,YUtVpN5CmwZMuiPEU2EANCErNpU=,qGNC1tGD4FxmhIqkbyyBJYURE4c=
40,-139,YUtVpN5CmwZMuiPEU2EANCErNpU=,yLsItr6sUUmjZ4q1euNxFxuy+tg=
38,-135,YUtVpN5CmwZMuiPEU2EANCErNpU=,7dFjquVdYS73aoXaimIzoOxRTUA=
37,-132,YUtVpN5CmwZMuiPEU2EANCErNpU=,7dFjquVdYS73aoXaimIzoOxRTUA=
37,-135,YUtVpN5CmwZMuiPEU2EANCErNpU=,7dFjquVdYS73aoXaimIzoOxRTUA=
42,-130,YUtVpN5CmwZMuiPEU2EANCErNpU=,qGNC1tGD4FxmhIqkbyyBJYURE4c=
42,-133,YUtVpN5CmwZMuiPEU2EANCErNpU=,qGNC1tGD4FxmhIqkbyyBJYURE4c=
41,-130,YUtVpN5CmwZMuiPEU2EANCErNpU=,qGNC1tGD4FxmhIqkbyyBJYURE4c=
40,-130,YUtVpN5CmwZMuiPEU2EANCErNpU=,qGNC1tGD4FxmhIqkbyyBJYURE4c=
39,-136,YUtVpN5CmwZMuiPEU2EANCErNpU=,7dFjquVdYS73aoXaimIzoOxRTUA=
41,-133,YUtVpN5CmwZMuiPEU2EANCErNpU=,qGNC1tGD4FxmhIqkbyyBJYURE4c=
38,-136,YUtVpN5CmwZMuiPEU2EANCErNpU=,7dFjquVdYS73aoXaimIzoOxRTUA=
37,-136,YUtVpN5CmwZMuiPEU2EANCErNpU=,7dFjquVdYS73aoXaimIzoOxRTUA=
41,-132,YUtVpN5CmwZMuiPEU2EANCErNpU=,qGNC1tGD4FxmhIqkbyyBJYURE4c=
41,-131,YUtVpN5CmwZMuiPEU2EANCErNpU=,qGNC1tGD4FxmhIqkbyyBJYURE4c=
40,-131,YUtVpN5CmwZMuiPEU2EANCErNpU=,qGNC1tGD4FxmhIqkbyyBJYURE4c=
47,-132,YUtVpN5CmwZMuiPEU2EANCErNpU=,qGNC1tGD4FxmhIqkbyyBJYURE4c=
47,-137,YUtVpN5CmwZMuiPEU2EANCErNpU=,yLsItr6sUUmjZ4q1euNxFxuy+tg=
46,-137,YUtVpN5CmwZMuiPEU2EANCErNpU=,yLsItr6sUUmjZ4q1euNxFxuy+tg=
41,-134,YUtVpN5CmwZMuiPEU2EANCErNpU=,qGNC1tGD4FxmhIqkbyyBJYURE4c=
46,-132,YUtVpN5CmwZMuiPEU2EANCErNpU=,qGNC1tGD4FxmhIqkbyyBJYURE4c=
45,-137,YUtVpN5CmwZMuiPEU2EANCErNpU=,yLsItr6sUUmjZ4q1euNxFxuy+tg=
39,-129,YUtVpN5CmwZMuiPEU2EANCErNpU=,7dFjquVdYS73aoXaimIzoOxRTUA=
38,-129,YUtVpN5CmwZMuiPEU2EANCErNpU=,7dFjquVdYS73aoXaimIzoOxRTUA=
37,-129,YUtVpN5CmwZMuiPEU2EANCErNpU=,7dFjquVdYS73aoXaimIzoOxRTUA=
40,-133,YUtVpN5CmwZMuiPEU2EANCErNpU=,qGNC1tGD4FxmhIqkbyyBJYURE4c=
43,-137,YUtVpN5CmwZMuiPEU2EANCErNpU=,yLsItr6sUUmjZ4q1euNxFxuy+tg=
42,-137,YUtVpN5CmwZMuiPEU2EANCErNpU=,yLsItr6sUUmjZ4q1euNxFxuy+tg=
40,-134,YUtVpN5CmwZMuiPEU2EANCErNpU=,qGNC1tGD4FxmhIqkbyyBJYURE4c=
47,-135,YUtVpN5CmwZMuiPEU2EANCErNpU=,qGNC1tGD4FxmhIqkbyyBJYURE4c=
41,-137,YUtVpN5CmwZMuiPEU2EANCErNpU=,yLsItr6sUUmjZ4q1euNxFxuy+tg=
46,-135,YUtVpN5CmwZMuiPEU2EANCErNpU=,qGNC1tGD4FxmhIqkbyyBJYURE4c=
39,-131,YUtVpN5CmwZMuiPEU2EANCErNpU=,7dFjquVdYS73aoXaimIzoOxRTUA=
47,-131,YUtVpN5CmwZMuiPEU2EANCErNpU=,qGNC1tGD4FxmhIqkbyyBJYURE4c=
40,-137,YUtVpN5CmwZMuiPEU2EANCErNpU=,yLsItr6sUUmjZ4q1euNxFxuy+tg=
46,-131,YUtVpN5CmwZMuiPEU2EANCErNpU=,qGNC1tGD4FxmhIqkbyyBJYURE4c=
44,-130,YUtVpN5CmwZMuiPEU2EANCErNpU=,qGNC1tGD4FxmhIqkbyyBJYURE4c=
47,-138,YUtVpN5CmwZMuiPEU2EANCErNpU=,yLsItr6sUUmjZ4q1euNxFxuy+tg=
38,-131,YUtVpN5CmwZMuiPEU2EANCErNpU=,7dFjquVdYS73aoXaimIzoOxRTUA=
37,-131,YUtVpN5CmwZMuiPEU2EANCErNpU=,7dFjquVdYS73aoXaimIzoOxRTUA=
45,-138,YUtVpN5CmwZMuiPEU2EANCErNpU=,yLsItr6sUUmjZ4q1euNxFxuy+tg=
39,-133,YUtVpN5CmwZMuiPEU2EANCErNpU=,7dFjquVdYS73aoXaimIzoOxRTUA=
38,-133,YUtVpN5CmwZMuiPEU2EANCErNpU=,7dFjquVdYS73aoXaimIzoOxRTUA=
46,-138,YUtVpN5CmwZMuiPEU2EANCErNpU=,yLsItr6sUUmjZ4q1euNxFxuy+tg=
47,-134,YUtVpN5CmwZMuiPEU2EANCErNpU=,qGNC1tGD4FxmhIqkbyyBJYURE4c=
46,-134,YUtVpN5CmwZMuiPEU2EANCErNpU=,qGNC1tGD4FxmhIqkbyyBJYURE4c=
44,-135,YUtVpN5CmwZMuiPEU2EANCErNpU=,qGNC1tGD4FxmhIqkbyyBJYURE4c=
40,-132,YUtVpN5CmwZMuiPEU2EANCErNpU=,qGNC1tGD4FxmhIqkbyyBJYURE4c=
40,-135,YUtVpN5CmwZMuiPEU2EANCErNpU=,qGNC1tGD4FxmhIqkbyyBJYURE4c=
44,-138,YUtVpN5CmwZMuiPEU2EANCErNpU=,yLsItr6sUUmjZ4q1euNxFxuy+tg=
47,-133,YUtVpN5CmwZMuiPEU2EANCErNpU=,qGNC1tGD4FxmhIqkbyyBJYURE4c=
45,-134,YUtVpN5CmwZMuiPEU2EANCErNpU=,qGNC1tGD4FxmhIqkbyyBJYURE4c=
43,-138,YUtVpN5CmwZMuiPEU2EANCErNpU=,yLsItr6sUUmjZ4q1euNxFxuy+tg=
37,-133,YUtVpN5CmwZMuiPEU2EANCErNpU=,7dFjquVdYS73aoXaimIzoOxRTUA=
47,-136,YUtVpN5CmwZMuiPEU2EANCErNpU=,qGNC1tGD4FxmhIqkbyyBJYURE4c=
42,-138,YUtVpN5CmwZMuiPEU2EANCErNpU=,yLsItr6sUUmjZ4q1euNxFxuy+tg=
46,-136,YUtVpN5CmwZMuiPEU2EANCErNpU=,qGNC1tGD4FxmhIqkbyyBJYURE4c=
45,-135,YUtVpN5CmwZMuiPEU2EANCErNpU=,qGNC1tGD4FxmhIqkbyyBJYURE4c=
40,-129,YUtVpN5CmwZMuiPEU2EANCErNpU=,qGNC1tGD4FxmhIqkbyyBJYURE4c=
39,-130,YUtVpN5CmwZMuiPEU2EANCErNpU=,7dFjquVdYS73aoXaimIzoOxRTUA=
38,-130,YUtVpN5CmwZMuiPEU2EANCErNpU=,7dFjquVdYS73aoXaimIzoOxRTUA=
46,-133,YUtVpN5CmwZMuiPEU2EANCErNpU=,qGNC1tGD4FxmhIqkbyyBJYURE4c=
45,-133,YUtVpN5CmwZMuiPEU2EANCErNpU=,qGNC1tGD4FxmhIqkbyyBJYURE4c=
43,-135,YUtVpN5CmwZMuiPEU2EANCErNpU=,qGNC1tGD4FxmhIqkbyyBJYURE4c=
41,-129,YUtVpN5CmwZMuiPEU2EANCErNpU=,qGNC1tGD4FxmhIqkbyyBJYURE4c=
44,-133,YUtVpN5CmwZMuiPEU2EANCErNpU=,qGNC1tGD4FxmhIqkbyyBJYURE4c=
45,-136,YUtVpN5CmwZMuiPEU2EANCErNpU=,qGNC1tGD4FxmhIqkbyyBJYURE4c=
41,-138,YUtVpN5CmwZMuiPEU2EANCErNpU=,yLsItr6sUUmjZ4q1euNxFxuy+tg=
45,-131,YUtVpN5CmwZMuiPEU2EANCErNpU=,qGNC1tGD4FxmhIqkbyyBJYURE4c=
40,-138,YUtVpN5CmwZMuiPEU2EANCErNpU=,yLsItr6sUUmjZ4q1euNxFxuy+tg=
44,-136,YUtVpN5CmwZMuiPEU2EANCErNpU=,qGNC1tGD4FxmhIqkbyyBJYURE4c=
44,-134,YUtVpN5CmwZMuiPEU2EANCErNpU=,qGNC1tGD4FxmhIqkbyyBJYURE4c=
43,-134,YUtVpN5CmwZMuiPEU2EANCErNpU=,qGNC1tGD4FxmhIqkbyyBJYURE4c=
43,-133,YUtVpN5CmwZMuiPEU2EANCErNpU=,qGNC1tGD4FxmhIqkbyyBJYURE4c=
42,-135,YUtVpN5CmwZMuiPEU2EANCErNpU=,qGNC1tGD4FxmhIqkbyyBJYURE4c=
39,-132,YUtVpN5CmwZMuiPEU2EANCErNpU=,7dFjquVdYS73aoXaimIzoOxRTUA=
43,-136,YUtVpN5CmwZMuiPEU2EANCErNpU=,qGNC1tGD4FxmhIqkbyyBJYURE4c=
38,-132,YUtVpN5CmwZMuiPEU2EANCErNpU=,7dFjquVdYS73aoXaimIzoOxRTUA=
42,-136,YUtVpN5CmwZMuiPEU2EANCErNpU=,qGNC1tGD4FxmhIqkbyyBJYURE4c=
39,-134,YUtVpN5CmwZMuiPEU2EANCErNpU=,7dFjquVdYS73aoXaimIzoOxRTUA=
45,-132,YUtVpN5CmwZMuiPEU2EANCErNpU=,qGNC1tGD4FxmhIqkbyyBJYURE4c=
41,-136,YUtVpN5CmwZMuiPEU2EANCErNpU=,qGNC1tGD4FxmhIqkbyyBJYURE4c=
40,-136,YUtVpN5CmwZMuiPEU2EANCErNpU=,qGNC1tGD4FxmhIqkbyyBJYURE4c=
46,-129,YUtVpN5CmwZMuiPEU2EANCErNpU=,qGNC1tGD4FxmhIqkbyyBJYURE4c=
45,-129,YUtVpN5CmwZMuiPEU2EANCErNpU=,qGNC1tGD4FxmhIqkbyyBJYURE4c=
47,-130,YUtVpN5CmwZMuiPEU2EANCErNpU=,qGNC1tGD4FxmhIqkbyyBJYURE4c=
46,-130,YUtVpN5CmwZMuiPEU2EANCErNpU=,qGNC1tGD4FxmhIqkbyyBJYURE4c=
41,-135,YUtVpN5CmwZMuiPEU2EANCErNpU=,qGNC1tGD4FxmhIqkbyyBJYURE4c=
44,-137,YUtVpN5CmwZMuiPEU2EANCErNpU=,yLsItr6sUUmjZ4q1euNxFxuy+tg=
42,-131,YUtVpN5CmwZMuiPEU2EANCErNpU=,qGNC1tGD4FxmhIqkbyyBJYURE4c=
44,-132,YUtVpN5CmwZMuiPEU2EANCErNpU=,qGNC1tGD4FxmhIqkbyyBJYURE4c=
44,-129,YUtVpN5CmwZMuiPEU2EANCErNpU=,qGNC1tGD4FxmhIqkbyyBJYURE4c=
42,-134,YUtVpN5CmwZMuiPEU2EANCErNpU=,qGNC1tGD4FxmhIqkbyyBJYURE4c=
44,-131,YUtVpN5CmwZMuiPEU2EANCErNpU=,qGNC1tGD4FxmhIqkbyyBJYURE4c=
43,-131,YUtVpN5CmwZMuiPEU2EANCErNpU=,qGNC1tGD4FxmhIqkbyyBJYURE4c=
