164,100,vKO6Qs3KGlvgMIaM8km6SJvMpnc=,bKnM5JTU2CVEUO9NZFtz11CuI4Y=
163,99,vKO6Qs3KGlvgMIaM8km6SJvMpnc=,bKnM5JTU2CVEUO9NZFtz11CuI4Y=
164,103,vKO6Qs3KGlvgMIaM8km6SJvMpnc=,bKnM5JTU2CVEUO9NZFtz11CuI4Y=
164,99,vKO6Qs3KGlvgMIaM8km6SJvMpnc=,bKnM5JTU2CVEUO9NZFtz11CuI4Y=
163,102,vKO6Qs3KGlvgMIaM8km6SJvMpnc=,bKnM5JTU2CVEUO9NZFtz11CuI4Y=
164,102,vKO6Qs3KGlvgMIaM8km6SJvMpnc=,bKnM5JTU2CVEUO9NZFtz11CuI4Y=
163,103,vKO6Qs3KGlvgMIaM8km6SJvMpnc=,bKnM5JTU2CVEUO9NZFtz11CuI4Y=
163,101,vKO6Qs3KGlvgMIaM8km6SJvMpnc=,bKnM5JTU2CVEUO9NZFtz11CuI4Y=
164,101,vKO6Qs3KGlvgMIaM8km6SJvMpnc=,bKnM5JTU2CVEUO9NZFtz11CuI4Y=
163,100,vKO6Qs3KGlvgMIaM8km6SJvMpnc=,bKnM5JTU2CVEUO9NZFtz11CuI4Y=
160,102,ykfmuvW2haVv3dj6xhVKVRHCijk=,bKnM5JTU2CVEUO9NZFtz11CuI4Y=
161,102,ykfmuvW2haVv3dj6xhVKVRHCijk=,bKnM5JTU2CVEUO9NZFtz11CuI4Y=
162,102,ykfmuvW2haVv3dj6xhVKVRHCijk=,bKnM5JTU2CVEUO9NZFtz11CuI4Y=
160,103,ykfmuvW2haVv3dj6xhVKVRHCijk=,bKnM5JTU2CVEUO9NZFtz11CuI4Y=
161,103,ykfmuvW2haVv3dj6xhVKVRHCijk=,bKnM5JTU2CVEUO9NZFtz11CuI4Y=
162,103,ykfmuvW2haVv3dj6xhVKVRHCijk=,bKnM5JTU2CVEUO9NZFtz11CuI4Y=
160,100,ykfmuvW2haVv3dj6xhVKVRHCijk=,bKnM5JTU2CVEUO9NZFtz11CuI4Y=
161,100,ykfmuvW2haVv3dj6xhVKVRHCijk=,bKnM5JTU2CVEUO9NZFtz11CuI4Y=
162,101,ykfmuvW2haVv3dj6xhVKVRHCijk=,bKnM5JTU2CVEUO9NZFtz11CuI4Y=
160,101,ykfmuvW2haVv3dj6xhVKVRHCijk=,bKnM5JTU2CVEUO9NZFtz11CuI4Y=
161,101,ykfmuvW2haVv3dj6xhVKVRHCijk=,bKnM5JTU2CVEUO9NZFtz11CuI4Y=
160,99,ykfmuvW2haVv3dj6xhVKVRHCijk=,bKnM5JTU2CVEUO9NZFtz11CuI4Y=
161,99,ykfmuvW2haVv3dj6xhVKVRHCijk=,bKnM5JTU2CVEUO9NZFtz11CuI4Y=
162,99,ykfmuvW2haVv3dj6xhVKVRHCijk=,bKnM5JTU2CVEUO9NZFtz11CuI4Y=
162,100,ykfmuvW2haVv3dj6xhVKVRHCijk=,bKnM5JTU2CVEUO9NZFtz11CuI4Y=
160,96,ykfmuvW2haVv3dj6xhVKVRHCijk=,bKnM5JTU2CVEUO9NZFtz11CuI4Y=
162,98,ykfmuvW2haVv3dj6xhVKVRHCijk=,bKnM5JTU2CVEUO9NZFtz11CuI4Y=
161,96,ykfmuvW2haVv3dj6xhVKVRHCijk=,bKnM5JTU2CVEUO9NZFtz11CuI4Y=
162,96,ykfmuvW2haVv3dj6xhVKVRHCijk=,bKnM5JTU2CVEUO9NZFtz11CuI4Y=
163,96,ykfmuvW2haVv3dj6xhVKVRHCijk=,bKnM5JTU2CVEUO9NZFtz11CuI4Y=
163,98,ykfmuvW2haVv3dj6xhVKVRHCijk=,bKnM5JTU2CVEUO9NZFtz11CuI4Y=
164,98,ykfmuvW2haVv3dj6xhVKVRHCijk=,bKnM5JTU2CVEUO9NZFtz11CuI4Y=
161,97,ykfmuvW2haVv3dj6xhVKVRHCijk=,bKnM5JTU2CVEUO9NZFtz11CuI4Y=
164,96,ykfmuvW2haVv3dj6xhVKVRHCijk=,bKnM5JTU2CVEUO9NZFtz11CuI4Y=
162,97,ykfmuvW2haVv3dj6xhVKVRHCijk=,bKnM5JTU2CVEUO9NZFtz11CuI4Y=
163,97,ykfmuvW2haVv3dj6xhVKVRHCijk=,bKnM5JTU2CVEUO9NZFtz11CuI4Y=
164,97,ykfmuvW2haVv3dj6xhVKVRHCijk=,bKnM5JTU2CVEUO9NZFtz11CuI4Y=
160,97,ykfmuvW2haVv3dj6xhVKVRHCijk=,bKnM5JTU2CVEUO9NZFtz11CuI4Y=
160,98,ykfmuvW2haVv3dj6xhVKVRHCijk=,bKnM5JTU2CVEUO9NZFtz11CuI4Y=
161,98,ykfmuvW2haVv3dj6xhVKVRHCijk=,bKnM5JTU2CVEUO9NZFtz11CuI4Y=
175,103,89dPHt9AX67J7UBkc2MRaBkfN/E=,aphbEE2TEYsaWECjGQ9v2oIfQUA=
172,103,89dPHt9AX67J7UBkc2MRaBkfN/E=,aphbEE2TEYsaWECjGQ9v2oIfQUA=
173,103,89dPHt9AX67J7UBkc2MRaBkfN/E=,aphbEE2TEYsaWECjGQ9v2oIfQUA=
172,101,89dPHt9AX67J7UBkc2MRaBkfN/E=,aphbEE2TEYsaWECjGQ9v2oIfQUA=
165,100,89dPHt9AX67J7UBkc2MRaBkfN/E=,bKnM5JTU2CVEUO9NZFtz11CuI4Y=
174,103,89dPHt9AX67J7UBkc2MRaBkfN/E=,aphbEE2TEYsaWECjGQ9v2oIfQUA=
173,101,89dPHt9AX67J7UBkc2MRaBkfN/E=,aphbEE2TEYsaWECjGQ9v2oIfQUA=
174,101,89dPHt9AX67J7UBkc2MRaBkfN/E=,aphbEE2TEYsaWECjGQ9v2oIfQUA=
175,101,89dPHt9AX67J7UBkc2MRaBkfN/E=,aphbEE2TEYsaWECjGQ9v2oIfQUA=
168,97,89dPHt9AX67J7UBkc2MRaBkfN/E=,aphbEE2TEYsaWECjGQ9v2oIfQUA=
169,97,89dPHt9AX67J7UBkc2MRaBkfN/E=,aphbEE2TEYsaWECjGQ9v2oIfQUA=
170,97,89dPHt9AX67J7UBkc2MRaBkfN/E=,aphbEE2TEYsaWECjGQ9v2oIfQUA=
165,103,89dPHt9AX67J7UBkc2MRaBkfN/E=,bKnM5JTU2CVEUO9NZFtz11CuI4Y=
166,102,89dPHt9AX67J7UBkc2MRaBkfN/E=,bKnM5JTU2CVEUO9NZFtz11CuI4Y=
171,97,89dPHt9AX67J7UBkc2MRaBkfN/E=,aphbEE2TEYsaWECjGQ9v2oIfQUA=
166,100,89dPHt9AX67J7UBkc2MRaBkfN/E=,bKnM5JTU2CVEUO9NZFtz11CuI4Y=
167,100,89dPHt9AX67J7UBkc2MRaBkfN/E=,bKnM5JTU2CVEUO9NZFtz11CuI4Y=
171,101,89dPHt9AX67J7UBkc2MRaBkfN/E=,aphbEE2TEYsaWECjGQ9v2oIfQUA=
170,101,89dPHt9AX67J7UBkc2MRaBkfN/E=,aphbEE2TEYsaWECjGQ9v2oIfQUA=
172,100,89dPHt9AX67J7UBkc2MRaBkfN/E=,aphbEE2TEYsaWECjGQ9v2oIfQUA=
171,100,89dPHt9AX67J7UBkc2MRaBkfN/E=,aphbEE2TEYsaWECjGQ9v2oIfQUA=
175,99,89dPHt9AX67J7UBkc2MRaBkfN/E=,aphbEE2TEYsaWECjGQ9v2oIfQUA=
174,99,89dPHt9AX67J7UBkc2MRaBkfN/E=,aphbEE2TEYsaWECjGQ9v2oIfQUA=
169,101,89dPHt9AX67J7UBkc2MRaBkfN/E=,aphbEE2TEYsaWECjGQ9v2oIfQUA=
173,99,89dPHt9AX67J7UBkc2MRaBkfN/E=,aphbEE2TEYsaWECjGQ9v2oIfQUA=
171,103,89dPHt9AX67J7UBkc2MRaBkfN/E=,aphbEE2TEYsaWECjGQ9v2oIfQUA=
170,103,89dPHt9AX67J7UBkc2MRaBkfN/E=,aphbEE2TEYsaWECjGQ9v2oIfQUA=
172,99,89dPHt9AX67J7UBkc2MRaBkfN/E=,aphbEE2TEYsaWECjGQ9v2oIfQUA=
171,99,89dPHt9AX67J7UBkc2MRaBkfN/E=,aphbEE2TEYsaWECjGQ9v2oIfQUA=
170,100,89dPHt9AX67J7UBkc2MRaBkfN/E=,aphbEE2TEYsaWECjGQ9v2oIfQUA=
169,100,89dPHt9AX67J7UBkc2MRaBkfN/E=,aphbEE2TEYsaWECjGQ9v2oIfQUA=
169,103,89dPHt9AX67J7UBkc2MRaBkfN/E=,aphbEE2TEYsaWECjGQ9v2oIfQUA=
168,100,89dPHt9AX67J7UBkc2MRaBkfN/E=,aphbEE2TEYsaWECjGQ9v2oIfQUA=
168,103,89dPHt9AX67J7UBkc2MRaBkfN/E=,aphbEE2TEYsaWECjGQ9v2oIfQUA=
170,99,89dPHt9AX67J7UBkc2MRaBkfN/E=,aphbEE2TEYsaWECjGQ9v2oIfQUA=
167,103,89dPHt9AX67J7UBkc2MRaBkfN/E=,bKnM5JTU2CVEUO9NZFtz11CuI4Y=
167,101,89dPHt9AX67J7UBkc2MRaBkfN/E=,bKnM5JTU2CVEUO9NZFtz11CuI4Y=
166,101,89dPHt9AX67J7UBkc2MRaBkfN/E=,bKnM5JTU2CVEUO9NZFtz11CuI4Y=
168,101,89dPHt9AX67J7UBkc2MRaBkfN/E=,aphbEE2TEYsaWECjGQ9v2oIfQUA=
173,100,89dPHt9AX67J7UBkc2MRaBkfN/E=,aphbEE2TEYsaWECjGQ9v2oIfQUA=
165,101,89dPHt9AX67J7UBkc2MRaBkfN/E=,bKnM5JTU2CVEUO9NZFtz11CuI4Y=
175,102,89dPHt9AX67J7UBkc2MRaBkfN/E=,aphbEE2TEYsaWECjGQ9v2oIfQUA=
175,96,89dPHt9AX67J7UBkc2MRaBkfN/E=,aphbEE2TEYsaWECjGQ9v2oIfQUA=
173,96,89dPHt9AX67J7UBkc2MRaBkfN/E=,aphbEE2TEYsaWECjGQ9v2oIfQUA=
174,102,89dPHt9AX67J7UBkc2MRaBkfN/E=,aphbEE2TEYsaWECjGQ9v2oIfQUA=
169,99,89dPHt9AX67J7UBkc2MRaBkfN/E=,aphbEE2TEYsaWECjGQ9v2oIfQUA=
172,96,89dPHt9AX67J7UBkc2MRaBkfN/E=,aphbEE2TEYsaWECjGQ9v2oIfQUA=
168,99,89dPHt9AX67J7UBkc2MRaBkfN/E=,aphbEE2TEYsaWECjGQ9v2oIfQUA=
175,98,89dPHt9AX67J7UBkc2MRaBkfN/E=,aphbEE2TEYsaWECjGQ9v2oIfQUA=
174,96,89dPHt9AX67J7UBkc2MRaBkfN/E=,aphbEE2TEYsaWECjGQ9v2oIfQUA=
173,102,89dPHt9AX67J7UBkc2MRaBkfN/E=,aphbEE2TEYsaWECjGQ9v2oIfQUA=
171,96,89dPHt9AX67J7UBkc2MRaBkfN/E=,aphbEE2TEYsaWECjGQ9v2oIfQUA=
167,97,89dPHt9AX67J7UBkc2MRaBkfN/E=,bKnM5JTU2CVEUO9NZFtz11CuI4Y=
166,97,89dPHt9AX67J7UBkc2MRaBkfN/E=,bKnM5JTU2CVEUO9NZFtz11CuI4Y=
170,96,89dPHt9AX67J7UBkc2MRaBkfN/E=,aphbEE2TEYsaWECjGQ9v2oIfQUA=
168,96,89dPHt9AX67J7UBkc2MRaBkfN/E=,aphbEE2TEYsaWECjGQ9v2oIfQUA=
169,96,89dPHt9AX67J7UBkc2MRaBkfN/E=,aphbEE2TEYsaWECjGQ9v2oIfQUA=
167,98,89dPHt9AX67J7UBkc2MRaBkfN/E=,bKnM5JTU2CVEUO9NZFtz11CuI4Y=
173,98,89dPHt9AX67J7UBkc2MRaBkfN/E=,aphbEE2TEYsaWECjGQ9v2oIfQUA=
167,99,89dPHt9AX67J7UBkc2MRaBkfN/E=,bKnM5JTU2CVEUO9NZFtz11CuI4Y=
165,97,89dPHt9AX67J7UBkc2MRaBkfN/E=,bKnM5JTU2CVEUO9NZFtz11CuI4Y=
172,102,89dPHt9AX67J7UBkc2MRaBkfN/E=,aphbEE2TEYsaWECjGQ9v2oIfQUA=
174,98,89dPHt9AX67J7UBkc2MRaBkfN/E=,aphbEE2TEYsaWECjGQ9v2oIfQUA=
166,99,89dPHt9AX67J7UBkc2MRaBkfN/E=,bKnM5JTU2CVEUO9NZFtz11CuI4Y=
172,98,89dPHt9AX67J7UBkc2MRaBkfN/E=,aphbEE2TEYsaWECjGQ9v2oIfQUA=
171,98,89dPHt9AX67J7UBkc2MRaBkfN/E=,aphbEE2TEYsaWECjGQ9v2oIfQUA=
170,98,89dPHt9AX67J7UBkc2MRaBkfN/E=,aphbEE2TEYsaWECjGQ9v2oIfQUA=
165,102,89dPHt9AX67J7UBkc2MRaBkfN/E=,bKnM5JTU2CVEUO9NZFtz11CuI4Y=
171,102,89dPHt9AX67J7UBkc2MRaBkfN/E=,aphbEE2TEYsaWECjGQ9v2oIfQUA=
166,98,89dPHt9AX67J7UBkc2MRaBkfN/E=,bKnM5JTU2CVEUO9NZFtz11CuI4Y=
170,102,89dPHt9AX67J7UBkc2MRaBkfN/E=,aphbEE2TEYsaWECjGQ9v2oIfQUA=
169,98,89dPHt9AX67J7UBkc2MRaBkfN/E=,aphbEE2TEYsaWECjGQ9v2oIfQUA=
175,100,89dPHt9AX67J7UBkc2MRaBkfN/E=,aphbEE2TEYsaWECjGQ9v2oIfQUA=
168,98,89dPHt9AX67J7UBkc2MRaBkfN/E=,aphbEE2TEYsaWECjGQ9v2oIfQUA=
165,98,89dPHt9AX67J7UBkc2MRaBkfN/E=,bKnM5JTU2CVEUO9NZFtz11CuI4Y=
169,102,89dPHt9AX67J7UBkc2MRaBkfN/E=,aphbEE2TEYsaWECjGQ9v2oIfQUA=
168,102,89dPHt9AX67J7UBkc2MRaBkfN/E=,aphbEE2TEYsaWECjGQ9v2oIfQUA=
166,96,89dPHt9AX67J7UBkc2MRaBkfN/E=,bKnM5JTU2CVEUO9NZFtz11CuI4Y=
174,100,89dPHt9AX67J7UBkc2MRaBkfN/E=,aphbEE2TEYsaWECjGQ9v2oIfQUA=
172,97,89dPHt9AX67J7UBkc2MRaBkfN/E=,aphbEE2TEYsaWECjGQ9v2oIfQUA=
165,96,89dPHt9AX67J7UBkc2MRaBkfN/E=,bKnM5JTU2CVEUO9NZFtz11CuI4Y=
167,96,89dPHt9AX67J7UBkc2MRaBkfN/E=,bKnM5JTU2CVEUO9NZFtz11CuI4Y=
174,97,89dPHt9AX67J7UBkc2MRaBkfN/E=,aphbEE2TEYsaWECjGQ9v2oIfQUA=
173,97,89dPHt9AX67J7UBkc2MRaBkfN/E=,aphbEE2TEYsaWECjGQ9v2oIfQUA=
167,102,89dPHt9AX67J7UBkc2MRaBkfN/E=,bKnM5JTU2CVEUO9NZFtz11CuI4Y=
165,99,89dPHt9AX67J7UBkc2MRaBkfN/E=,bKnM5JTU2CVEUO9NZFtz11CuI4Y=
166,103,89dPHt9AX67J7UBkc2MRaBkfN/E=,bKnM5JTU2CVEUO9NZFtz11CuI4Y=
175,97,89dPHt9AX67J7UBkc2MRaBkfN/E=,aphbEE2TEYsaWECjGQ9v2oIfQUA=
178,98,kJf39Bx4wipzTvuRfmGJSWes1cQ=,F7InRoVQpaMmzWRmmc29pkXJtko=
179,98,kJf39Bx4wipzTvuRfmGJSWes1cQ=,F7InRoVQpaMmzWRmmc29pkXJtko=
177,103,kJf39Bx4wipzTvuRfmGJSWes1cQ=,F7InRoVQpaMmzWRmmc29pkXJtko=
176,102,kJf39Bx4wipzTvuRfmGJSWes1cQ=,F7InRoVQpaMmzWRmmc29pkXJtko=
177,102,kJf39Bx4wipzTvuRfmGJSWes1cQ=,F7InRoVQpaMmzWRmmc29pkXJtko=
176,97,kJf39Bx4wipzTvuRfmGJSWes1cQ=,F7InRoVQpaMmzWRmmc29pkXJtko=
180,101,kJf39Bx4wipzTvuRfmGJSWes1cQ=,F7InRoVQpaMmzWRmmc29pkXJtko=
179,101,kJf39Bx4wipzTvuRfmGJSWes1cQ=,F7InRoVQpaMmzWRmmc29pkXJtko=
179,100,kJf39Bx4wipzTvuRfmGJSWes1cQ=,F7InRoVQpaMmzWRmmc29pkXJtko=
178,101,kJf39Bx4wipzTvuRfmGJSWes1cQ=,F7InRoVQpaMmzWRmmc29pkXJtko=
177,101,kJf39Bx4wipzTvuRfmGJSWes1cQ=,F7InRoVQpaMmzWRmmc29pkXJtko=
178,99,kJf39Bx4wipzTvuRfmGJSWes1cQ=,F7InRoVQpaMmzWRmmc29pkXJtko=
177,99,kJf39Bx4wipzTvuRfmGJSWes1cQ=,F7InRoVQpaMmzWRmmc29pkXJtko=
178,100,kJf39Bx4wipzTvuRfmGJSWes1cQ=,F7InRoVQpaMmzWRmmc29pkXJtko=
177,100,kJf39Bx4wipzTvuRfmGJSWes1cQ=,F7InRoVQpaMmzWRmmc29pkXJtko=
176,99,kJf39Bx4wipzTvuRfmGJSWes1cQ=,F7InRoVQpaMmzWRmmc29pkXJtko=
176,100,kJf39Bx4wipzTvuRfmGJSWes1cQ=,F7InRoVQpaMmzWRmmc29pkXJtko=
176,101,kJf39Bx4wipzTvuRfmGJSWes1cQ=,F7InRoVQpaMmzWRmmc29pkXJtko=
176,103,kJf39Bx4wipzTvuRfmGJSWes1cQ=,F7InRoVQpaMmzWRmmc29pkXJtko=
180,99,kJf39Bx4wipzTvuRfmGJSWes1cQ=,F7InRoVQpaMmzWRmmc29pkXJtko=
177,98,kJf39Bx4wipzTvuRfmGJSWes1cQ=,F7InRoVQpaMmzWRmmc29pkXJtko=
176,98,kJf39Bx4wipzTvuRfmGJSWes1cQ=,F7InRoVQpaMmzWRmmc29pkXJtko=
180,96,kJf39Bx4wipzTvuRfmGJSWes1cQ=,F7InRoVQpaMmzWRmmc29pkXJtko=
179,96,kJf39Bx4wipzTvuRfmGJSWes1cQ=,F7InRoVQpaMmzWRmmc29pkXJtko=
178,96,kJf39Bx4wipzTvuRfmGJSWes1cQ=,F7InRoVQpaMmzWRmmc29pkXJtko=
180,97,kJf39Bx4wipzTvuRfmGJSWes1cQ=,F7InRoVQpaMmzWRmmc29pkXJtko=
179,99,kJf39Bx4wipzTvuRfmGJSWes1cQ=,F7InRoVQpaMmzWRmmc29pkXJtko=
180,102,kJf39Bx4wipzTvuRfmGJSWes1cQ=,F7InRoVQpaMmzWRmmc29pkXJtko=
179,97,kJf39Bx4wipzTvuRfmGJSWes1cQ=,F7InRoVQpaMmzWRmmc29pkXJtko=
180,100,kJf39Bx4wipzTvuRfmGJSWes1cQ=,F7InRoVQpaMmzWRmmc29pkXJtko=
178,97,kJf39Bx4wipzTvuRfmGJSWes1cQ=,F7InRoVQpaMmzWRmmc29pkXJtko=
177,97,kJf39Bx4wipzTvuRfmGJSWes1cQ=,F7InRoVQpaMmzWRmmc29pkXJtko=
179,102,kJf39Bx4wipzTvuRfmGJSWes1cQ=,F7InRoVQpaMmzWRmmc29pkXJtko=
180,103,kJf39Bx4wipzTvuRfmGJSWes1cQ=,F7InRoVQpaMmzWRmmc29pkXJtko=
177,96,kJf39Bx4wipzTvuRfmGJSWes1cQ=,F7InRoVQpaMmzWRmmc29pkXJtko=
176,96,kJf39Bx4wipzTvuRfmGJSWes1cQ=,F7InRoVQpaMmzWRmmc29pkXJtko=
179,103,kJf39Bx4wipzTvuRfmGJSWes1cQ=,F7InRoVQpaMmzWRmmc29pkXJtko=
178,103,kJf39Bx4wipzTvuRfmGJSWes1cQ=,F7InRoVQpaMmzWRmmc29pkXJtko=
178,102,kJf39Bx4wipzTvuRfmGJSWes1cQ=,F7InRoVQpaMmzWRmmc29pkXJtko=
180,98,kJf39Bx4wipzTvuRfmGJSWes1cQ=,F7InRoVQpaMmzWRmmc29pkXJtko=
181,101,8RSlVLICYnqx1HqDezrXpXBRWEo=,F7InRoVQpaMmzWRmmc29pkXJtko=
190,101,8RSlVLICYnqx1HqDezrXpXBRWEo=,4uIRstdDT2CUcHf2kEBYTpE3CU0=
190,98,8RSlVLICYnqx1HqDezrXpXBRWEo=,4uIRstdDT2CUcHf2kEBYTpE3CU0=
184,98,8RSlVLICYnqx1HqDezrXpXBRWEo=,4uIRstdDT2CUcHf2kEBYTpE3CU0=
188,102,8RSlVLICYnqx1HqDezrXpXBRWEo=,4uIRstdDT2CUcHf2kEBYTpE3CU0=
189,98,8RSlVLICYnqx1HqDezrXpXBRWEo=,4uIRstdDT2CUcHf2kEBYTpE3CU0=
188,98,8RSlVLICYnqx1HqDezrXpXBRWEo=,4uIRstdDT2CUcHf2kEBYTpE3CU0=
187,98,8RSlVLICYnqx1HqDezrXpXBRWEo=,4uIRstdDT2CUcHf2kEBYTpE3CU0=
186,98,8RSlVLICYnqx1HqDezrXpXBRWEo=,4uIRstdDT2CUcHf2kEBYTpE3CU0=
185,98,8RSlVLICYnqx1HqDezrXpXBRWEo=,4uIRstdDT2CUcHf2kEBYTpE3CU0=
191,97,8RSlVLICYnqx1HqDezrXpXBRWEo=,4uIRstdDT2CUcHf2kEBYTpE3CU0=
190,97,8RSlVLICYnqx1HqDezrXpXBRWEo=,4uIRstdDT2CUcHf2kEBYTpE3CU0=
189,101,8RSlVLICYnqx1HqDezrXpXBRWEo=,4uIRstdDT2CUcHf2kEBYTpE3CU0=
189,97,8RSlVLICYnqx1HqDezrXpXBRWEo=,4uIRstdDT2CUcHf2kEBYTpE3CU0=
188,97,8RSlVLICYnqx1HqDezrXpXBRWEo=,4uIRstdDT2CUcHf2kEBYTpE3CU0=
183,96,8RSlVLICYnqx1HqDezrXpXBRWEo=,F7InRoVQpaMmzWRmmc29pkXJtko=
187,97,8RSlVLICYnqx1HqDezrXpXBRWEo=,4uIRstdDT2CUcHf2kEBYTpE3CU0=
187,102,8RSlVLICYnqx1HqDezrXpXBRWEo=,4uIRstdDT2CUcHf2kEBYTpE3CU0=
186,97,8RSlVLICYnqx1HqDezrXpXBRWEo=,4uIRstdDT2CUcHf2kEBYTpE3CU0=
188,101,8RSlVLICYnqx1HqDezrXpXBRWEo=,4uIRstdDT2CUcHf2kEBYTpE3CU0=
185,97,8RSlVLICYnqx1HqDezrXpXBRWEo=,4uIRstdDT2CUcHf2kEBYTpE3CU0=
187,101,8RSlVLICYnqx1HqDezrXpXBRWEo=,4uIRstdDT2CUcHf2kEBYTpE3CU0=
186,102,8RSlVLICYnqx1HqDezrXpXBRWEo=,4uIRstdDT2CUcHf2kEBYTpE3CU0=
183,99,8RSlVLICYnqx1HqDezrXpXBRWEo=,F7InRoVQpaMmzWRmmc29pkXJtko=
186,101,8RSlVLICYnqx1HqDezrXpXBRWEo=,4uIRstdDT2CUcHf2kEBYTpE3CU0=
182,99,8RSlVLICYnqx1HqDezrXpXBRWEo=,F7InRoVQpaMmzWRmmc29pkXJtko=
181,99,8RSlVLICYnqx1HqDezrXpXBRWEo=,F7InRoVQpaMmzWRmmc29pkXJtko=
182,96,8RSlVLICYnqx1HqDezrXpXBRWEo=,F7InRoVQpaMmzWRmmc29pkXJtko=
185,102,8RSlVLICYnqx1HqDezrXpXBRWEo=,4uIRstdDT2CUcHf2kEBYTpE3CU0=
184,97,8RSlVLICYnqx1HqDezrXpXBRWEo=,4uIRstdDT2CUcHf2kEBYTpE3CU0=
191,96,8RSlVLICYnqx1HqDezrXpXBRWEo=,4uIRstdDT2CUcHf2kEBYTpE3CU0=
190,96,8RSlVLICYnqx1HqDezrXpXBRWEo=,4uIRstdDT2CUcHf2kEBYTpE3CU0=
189,96,8RSlVLICYnqx1HqDezrXpXBRWEo=,4uIRstdDT2CUcHf2kEBYTpE3CU0=
183,97,8RSlVLICYnqx1HqDezrXpXBRWEo=,F7InRoVQpaMmzWRmmc29pkXJtko=
185,101,8RSlVLICYnqx1HqDezrXpXBRWEo=,4uIRstdDT2CUcHf2kEBYTpE3CU0=
183,102,8RSlVLICYnqx1HqDezrXpXBRWEo=,F7InRoVQpaMmzWRmmc29pkXJtko=
183,100,8RSlVLICYnqx1HqDezrXpXBRWEo=,F7InRoVQpaMmzWRmmc29pkXJtko=
182,100,8RSlVLICYnqx1HqDezrXpXBRWEo=,F7InRoVQpaMmzWRmmc29pkXJtko=
184,101,8RSlVLICYnqx1HqDezrXpXBRWEo=,4uIRstdDT2CUcHf2kEBYTpE3CU0=
181,100,8RSlVLICYnqx1HqDezrXpXBRWEo=,F7InRoVQpaMmzWRmmc29pkXJtko=
188,96,8RSlVLICYnqx1HqDezrXpXBRWEo=,4uIRstdDT2CUcHf2kEBYTpE3CU0=
191,100,8RSlVLICYnqx1HqDezrXpXBRWEo=,4uIRstdDT2CUcHf2kEBYTpE3CU0=
181,96,8RSlVLICYnqx1HqDezrXpXBRWEo=,F7InRoVQpaMmzWRmmc29pkXJtko=
187,96,8RSlVLICYnqx1HqDezrXpXBRWEo=,4uIRstdDT2CUcHf2kEBYTpE3CU0=
186,96,8RSlVLICYnqx1HqDezrXpXBRWEo=,4uIRstdDT2CUcHf2kEBYTpE3CU0=
190,100,8RSlVLICYnqx1HqDezrXpXBRWEo=,4uIRstdDT2CUcHf2kEBYTpE3CU0=
189,100,8RSlVLICYnqx1HqDezrXpXBRWEo=,4uIRstdDT2CUcHf2kEBYTpE3CU0=
183,98,8RSlVLICYnqx1HqDezrXpXBRWEo=,F7InRoVQpaMmzWRmmc29pkXJtko=
185,96,8RSlVLICYnqx1HqDezrXpXBRWEo=,4uIRstdDT2CUcHf2kEBYTpE3CU0=
188,100,8RSlVLICYnqx1HqDezrXpXBRWEo=,4uIRstdDT2CUcHf2kEBYTpE3CU0=
187,100,8RSlVLICYnqx1HqDezrXpXBRWEo=,4uIRstdDT2CUcHf2kEBYTpE3CU0=
182,102,8RSlVLICYnqx1HqDezrXpXBRWEo=,F7InRoVQpaMmzWRmmc29pkXJtko=
184,96,8RSlVLICYnqx1HqDezrXpXBRWEo=,4uIRstdDT2CUcHf2kEBYTpE3CU0=
182,97,8RSlVLICYnqx1HqDezrXpXBRWEo=,F7InRoVQpaMmzWRmmc29pkXJtko=
181,97,8RSlVLICYnqx1HqDezrXpXBRWEo=,F7InRoVQpaMmzWRmmc29pkXJtko=
181,102,8RSlVLICYnqx1HqDezrXpXBRWEo=,F7InRoVQpaMmzWRmmc29pkXJtko=
186,100,8RSlVLICYnqx1HqDezrXpXBRWEo=,4uIRstdDT2CUcHf2kEBYTpE3CU0=
185,100,8RSlVLICYnqx1HqDezrXpXBRWEo=,4uIRstdDT2CUcHf2kEBYTpE3CU0=
184,100,8RSlVLICYnqx1HqDezrXpXBRWEo=,4uIRstdDT2CUcHf2kEBYTpE3CU0=
182,98,8RSlVLICYnqx1HqDezrXpXBRWEo=,F7InRoVQpaMmzWRmmc29pkXJtko=
191,99,8RSlVLICYnqx1HqDezrXpXBRWEo=,4uIRstdDT2CUcHf2kEBYTpE3CU0=
181,98,8RSlVLICYnqx1HqDezrXpXBRWEo=,F7InRoVQpaMmzWRmmc29pkXJtko=
191,103,8RSlVLICYnqx1HqDezrXpXBRWEo=,4uIRstdDT2CUcHf2kEBYTpE3CU0=
190,103,8RSlVLICYnqx1HqDezrXpXBRWEo=,4uIRstdDT2CUcHf2kEBYTpE3CU0=
190,99,8RSlVLICYnqx1HqDezrXpXBRWEo=,4uIRstdDT2CUcHf2kEBYTpE3CU0=
183,103,8RSlVLICYnqx1HqDezrXpXBRWEo=,F7InRoVQpaMmzWRmmc29pkXJtko=
182,103,8RSlVLICYnqx1HqDezrXpXBRWEo=,F7InRoVQpaMmzWRmmc29pkXJtko=
189,99,8RSlVLICYnqx1HqDezrXpXBRWEo=,4uIRstdDT2CUcHf2kEBYTpE3CU0=
181,103,8RSlVLICYnqx1HqDezrXpXBRWEo=,F7InRoVQpaMmzWRmmc29pkXJtko=
184,102,8RSlVLICYnqx1HqDezrXpXBRWEo=,4uIRstdDT2CUcHf2kEBYTpE3CU0=
189,103,8RSlVLICYnqx1HqDezrXpXBRWEo=,4uIRstdDT2CUcHf2kEBYTpE3CU0=
188,103,8RSlVLICYnqx1HqDezrXpXBRWEo=,4uIRstdDT2CUcHf2kEBYTpE3CU0=
187,103,8RSlVLICYnqx1HqDezrXpXBRWEo=,4uIRstdDT2CUcHf2kEBYTpE3CU0=
188,99,8RSlVLICYnqx1HqDezrXpXBRWEo=,4uIRstdDT2CUcHf2kEBYTpE3CU0=
186,103,8RSlVLICYnqx1HqDezrXpXBRWEo=,4uIRstdDT2CUcHf2kEBYTpE3CU0=
185,103,8RSlVLICYnqx1HqDezrXpXBRWEo=,4uIRstdDT2CUcHf2kEBYTpE3CU0=
184,103,8RSlVLICYnqx1HqDezrXpXBRWEo=,4uIRstdDT2CUcHf2kEBYTpE3CU0=
187,99,8RSlVLICYnqx1HqDezrXpXBRWEo=,4uIRstdDT2CUcHf2kEBYTpE3CU0=
186,99,8RSlVLICYnqx1HqDezrXpXBRWEo=,4uIRstdDT2CUcHf2kEBYTpE3CU0=
185,99,8RSlVLICYnqx1HqDezrXpXBRWEo=,4uIRstdDT2CUcHf2kEBYTpE3CU0=
191,101,8RSlVLICYnqx1HqDezrXpXBRWEo=,4uIRstdDT2CUcHf2kEBYTpE3CU0=
184,99,8RSlVLICYnqx1HqDezrXpXBRWEo=,4uIRstdDT2CUcHf2kEBYTpE3CU0=
191,98,8RSlVLICYnqx1HqDezrXpXBRWEo=,4uIRstdDT2CUcHf2kEBYTpE3CU0=
191,102,8RSlVLICYnqx1HqDezrXpXBRWEo=,4uIRstdDT2CUcHf2kEBYTpE3CU0=
190,102,8RSlVLICYnqx1HqDezrXpXBRWEo=,4uIRstdDT2CUcHf2kEBYTpE3CU0=
189,102,8RSlVLICYnqx1HqDezrXpXBRWEo=,4uIRstdDT2CUcHf2kEBYTpE3CU0=
183,101,8RSlVLICYnqx1HqDezrXpXBRWEo=,F7InRoVQpaMmzWRmmc29pkXJtko=
182,101,8RSlVLICYnqx1HqDezrXpXBRWEo=,F7InRoVQpaMmzWRmmc29pkXJtko=
