-21,131,wgz4IB3TsOMOwn/e+tZq+HLoSwM=,zTTF27MLJuDZDm/NhVTb9Qk5slw=
-20,131,wgz4IB3TsOMOwn/e+tZq+HLoSwM=,zTTF27MLJuDZDm/NhVTb9Qk5slw=
-21,133,wgz4IB3TsOMOwn/e+tZq+HLoSwM=,zTTF27MLJuDZDm/NhVTb9Qk5slw=
-20,133,wgz4IB3TsOMOwn/e+tZq+HLoSwM=,zTTF27MLJuDZDm/NhVTb9Qk5slw=
-20,132,wgz4IB3TsOMOwn/e+tZq+HLoSwM=,zTTF27MLJuDZDm/NhVTb9Qk5slw=
-21,134,rVljZStluNxia7pLzpNoiAYrjDU=,zTTF27MLJuDZDm/NhVTb9Qk5slw=
-20,134,rVljZStluNxia7pLzpNoiAYrjDU=,zTTF27MLJuDZDm/NhVTb9Qk5slw=
-21,135,rVljZStluNxia7pLzpNoiAYrjDU=,zTTF27MLJuDZDm/NhVTb9Qk5slw=
-20,135,rVljZStluNxia7pLzpNoiAYrjDU=,zTTF27MLJuDZDm/NhVTb9Qk5slw=
-24,132,rVljZStluNxia7pLzpNoiAYrjDU=,zTTF27MLJuDZDm/NhVTb9Qk5slw=
-23,132,rVljZStluNxia7pLzpNoiAYrjDU=,zTTF27MLJuDZDm/NhVTb9Qk5slw=
-22,132,rVljZStluNxia7pLzpNoiAYrjDU=,zTTF27MLJuDZDm/NhVTb9Qk5slw=
-24,131,rVljZStluNxia7pLzpNoiAYrjDU=,zTTF27MLJuDZDm/NhVTb9Qk5slw=
-23,131,rVljZStluNxia7pLzpNoiAYrjDU=,zTTF27MLJuDZDm/NhVTb9Qk5slw=
-22,131,rVljZStluNxia7pLzpNoiAYrjDU=,zTTF27MLJuDZDm/NhVTb9Qk5slw=
-21,132,rVljZStluNxia7pLzpNoiAYrjDU=,zTTF27MLJuDZDm/NhVTb9Qk5slw=
-24,134,rVljZStluNxia7pLzpNoiAYrjDU=,zTTF27MLJuDZDm/NhVTb9Qk5slw=
-22,133,rVljZStluNxia7pLzpNoiAYrjDU=,zTTF27MLJuDZDm/NhVTb9Qk5slw=
-23,134,rVljZStluNxia7pLzpNoiAYrjDU=,zTTF27MLJuDZDm/NhVTb9Qk5slw=
-22,134,rVljZStluNxia7pLzpNoiAYrjDU=,zTTF27MLJuDZDm/NhVTb9Qk5slw=
-24,135,rVljZStluNxia7pLzpNoiAYrjDU=,zTTF27MLJuDZDm/NhVTb9Qk5slw=
-23,135,rVljZStluNxia7pLzpNoiAYrjDU=,zTTF27MLJuDZDm/NhVTb9Qk5slw=
-22,135,rVljZStluNxia7pLzpNoiAYrjDU=,zTTF27MLJuDZDm/NhVTb9Qk5slw=
-24,133,rVljZStluNxia7pLzpNoiAYrjDU=,zTTF27MLJuDZDm/NhVTb9Qk5slw=
-23,133,rVljZStluNxia7pLzpNoiAYrjDU=,zTTF27MLJuDZDm/NhVTb9Qk5slw=
-22,130,rVljZStluNxia7pLzpNoiAYrjDU=,zTTF27MLJuDZDm/NhVTb9Qk5slw=
-24,128,rVljZStluNxia7pLzpNoiAYrjDU=,zTTF27MLJuDZDm/NhVTb9Qk5slw=
-21,130,rVljZStluNxia7pLzpNoiAYrjDU=,zTTF27MLJuDZDm/NhVTb9Qk5slw=
-23,128,rVljZStluNxia7pLzpNoiAYrjDU=,zTTF27MLJuDZDm/NhVTb9Qk5slw=
-22,128,rVljZStluNxia7pLzpNoiAYrjDU=,zTTF27MLJuDZDm/NhVTb9Qk5slw=
-21,128,rVljZStluNxia7pLzpNoiAYrjDU=,zTTF27MLJuDZDm/NhVTb9Qk5slw=
-20,128,rVljZStluNxia7pLzpNoiAYrjDU=,zTTF27MLJuDZDm/NhVTb9Qk5slw=
-20,130,rVljZStluNxia7pLzpNoiAYrjDU=,zTTF27MLJuDZDm/NhVTb9Qk5slw=
-24,129,rVljZStluNxia7pLzpNoiAYrjDU=,zTTF27MLJuDZDm/NhVTb9Qk5slw=
-23,129,rVljZStluNxia7pLzpNoiAYrjDU=,zTTF27MLJuDZDm/NhVTb9Qk5slw=
-22,129,rVljZStluNxia7pLzpNoiAYrjDU=,zTTF27MLJuDZDm/NhVTb9Qk5slw=
-21,129,rVljZStluNxia7pLzpNoiAYrjDU=,zTTF27MLJuDZDm/NhVTb9Qk5slw=
-20,129,rVljZStluNxia7pLzpNoiAYrjDU=,zTTF27MLJuDZDm/NhVTb9Qk5slw=
-24,130,rVljZStluNxia7pLzpNoiAYrjDU=,zTTF27MLJuDZDm/NhVTb9Qk5slw=
-23,130,rVljZStluNxia7pLzpNoiAYrjDU=,zTTF27MLJuDZDm/NhVTb9Qk5slw=
-19,133,rVljZStluNxia7pLzpNoiAYrjDU=,zTTF27MLJuDZDm/NhVTb9Qk5slw=
-17,133,rVljZStluNxia7pLzpNoiAYrjDU=,zTTF27MLJuDZDm/NhVTb9Qk5slw=
-17,129,rVljZStluNxia7pLzpNoiAYrjDU=,zTTF27MLJuDZDm/NhVTb9Qk5slw=
-18,129,rVljZStluNxia7pLzpNoiAYrjDU=,zTTF27MLJuDZDm/NhVTb9Qk5slw=
-17,135,rVljZStluNxia7pLzpNoiAYrjDU=,zTTF27MLJuDZDm/NhVTb9Qk5slw=
-18,135,rVljZStluNxia7pLzpNoiAYrjDU=,zTTF27MLJuDZDm/NhVTb9Qk5slw=
-19,129,rVljZStluNxia7pLzpNoiAYrjDU=,zTTF27MLJuDZDm/NhVTb9Qk5slw=
-17,130,rVljZStluNxia7pLzpNoiAYrjDU=,zTTF27MLJuDZDm/NhVTb9Qk5slw=
-19,135,rVljZStluNxia7pLzpNoiAYrjDU=,zTTF27MLJuDZDm/NhVTb9Qk5slw=
-18,130,rVljZStluNxia7pLzpNoiAYrjDU=,zTTF27MLJuDZDm/NhVTb9Qk5slw=
-19,130,rVljZStluNxia7pLzpNoiAYrjDU=,zTTF27MLJuDZDm/NhVTb9Qk5slw=
-17,134,rVljZStluNxia7pLzpNoiAYrjDU=,zTTF27MLJuDZDm/NhVTb9Qk5slw=
-17,132,rVljZStluNxia7pLzpNoiAYrjDU=,zTTF27MLJuDZDm/NhVTb9Qk5slw=
-17,131,rVljZStluNxia7pLzpNoiAYrjDU=,zTTF27MLJuDZDm/NhVTb9Qk5slw=
-18,131,rVljZStluNxia7pLzpNoiAYrjDU=,zTTF27MLJuDZDm/NhVTb9Qk5slw=
-18,132,rVljZStluNxia7pLzpNoiAYrjDU=,zTTF27MLJuDZDm/NhVTb9Qk5slw=
-19,131,rVljZStluNxia7pLzpNoiAYrjDU=,zTTF27MLJuDZDm/NhVTb9Qk5slw=
-19,132,rVljZStluNxia7pLzpNoiAYrjDU=,zTTF27MLJuDZDm/NhVTb9Qk5slw=
-18,134,rVljZStluNxia7pLzpNoiAYrjDU=,zTTF27MLJuDZDm/NhVTb9Qk5slw=
-17,128,rVljZStluNxia7pLzpNoiAYrjDU=,zTTF27MLJuDZDm/NhVTb9Qk5slw=
-19,134,rVljZStluNxia7pLzpNoiAYrjDU=,zTTF27MLJuDZDm/NhVTb9Qk5slw=
-18,128,rVljZStluNxia7pLzpNoiAYrjDU=,zTTF27MLJuDZDm/NhVTb9Qk5slw=
-19,128,rVljZStluNxia7pLzpNoiAYrjDU=,zTTF27MLJuDZDm/NhVTb9Qk5slw=
-18,133,rVljZStluNxia7pLzpNoiAYrjDU=,zTTF27MLJuDZDm/NhVTb9Qk5slw=
-4,139,DzRkvb2lWvjyZyrfiufouVMgX+0=,8c6r+k6FErmLbPfTxhsrIO4eV4A=
-3,139,DzRkvb2lWvjyZyrfiufouVMgX+0=,8c6r+k6FErmLbPfTxhsrIO4eV4A=
-2,139,DzRkvb2lWvjyZyrfiufouVMgX+0=,8c6r+k6FErmLbPfTxhsrIO4eV4A=
-1,139,DzRkvb2lWvjyZyrfiufouVMgX+0=,8c6r+k6FErmLbPfTxhsrIO4eV4A=
-5,140,DzRkvb2lWvjyZyrfiufouVMgX+0=,8c6r+k6FErmLbPfTxhsrIO4eV4A=
-4,140,DzRkvb2lWvjyZyrfiufouVMgX+0=,8c6r+k6FErmLbPfTxhsrIO4eV4A=
-3,140,DzRkvb2lWvjyZyrfiufouVMgX+0=,8c6r+k6FErmLbPfTxhsrIO4eV4A=
-2,140,DzRkvb2lWvjyZyrfiufouVMgX+0=,8c6r+k6FErmLbPfTxhsrIO4eV4A=
-1,140,DzRkvb2lWvjyZyrfiufouVMgX+0=,8c6r+k6FErmLbPfTxhsrIO4eV4A=
-5,141,DzRkvb2lWvjyZyrfiufouVMgX+0=,8c6r+k6FErmLbPfTxhsrIO4eV4A=
-4,141,DzRkvb2lWvjyZyrfiufouVMgX+0=,8c6r+k6FErmLbPfTxhsrIO4eV4A=
-3,141,DzRkvb2lWvjyZyrfiufouVMgX+0=,8c6r+k6FErmLbPfTxhsrIO4eV4A=
-2,141,DzRkvb2lWvjyZyrfiufouVMgX+0=,8c6r+k6FErmLbPfTxhsrIO4eV4A=
-1,141,DzRkvb2lWvjyZyrfiufouVMgX+0=,8c6r+k6FErmLbPfTxhsrIO4eV4A=
-2,138,DzRkvb2lWvjyZyrfiufouVMgX+0=,8c6r+k6FErmLbPfTxhsrIO4eV4A=
-1,138,DzRkvb2lWvjyZyrfiufouVMgX+0=,8c6r+k6FErmLbPfTxhsrIO4eV4A=
-5,142,DzRkvb2lWvjyZyrfiufouVMgX+0=,8c6r+k6FErmLbPfTxhsrIO4eV4A=
-4,142,DzRkvb2lWvjyZyrfiufouVMgX+0=,8c6r+k6FErmLbPfTxhsrIO4eV4A=
-3,142,DzRkvb2lWvjyZyrfiufouVMgX+0=,8c6r+k6FErmLbPfTxhsrIO4eV4A=
-2,142,DzRkvb2lWvjyZyrfiufouVMgX+0=,8c6r+k6FErmLbPfTxhsrIO4eV4A=
-1,142,DzRkvb2lWvjyZyrfiufouVMgX+0=,8c6r+k6FErmLbPfTxhsrIO4eV4A=
-5,143,DzRkvb2lWvjyZyrfiufouVMgX+0=,8c6r+k6FErmLbPfTxhsrIO4eV4A=
-4,143,DzRkvb2lWvjyZyrfiufouVMgX+0=,8c6r+k6FErmLbPfTxhsrIO4eV4A=
-3,143,DzRkvb2lWvjyZyrfiufouVMgX+0=,8c6r+k6FErmLbPfTxhsrIO4eV4A=
-2,143,DzRkvb2lWvjyZyrfiufouVMgX+0=,8c6r+k6FErmLbPfTxhsrIO4eV4A=
-1,143,DzRkvb2lWvjyZyrfiufouVMgX+0=,8c6r+k6FErmLbPfTxhsrIO4eV4A=
-5,138,DzRkvb2lWvjyZyrfiufouVMgX+0=,8c6r+k6FErmLbPfTxhsrIO4eV4A=
-5,136,DzRkvb2lWvjyZyrfiufouVMgX+0=,8c6r+k6FErmLbPfTxhsrIO4eV4A=
-4,136,DzRkvb2lWvjyZyrfiufouVMgX+0=,8c6r+k6FErmLbPfTxhsrIO4eV4A=
-3,136,DzRkvb2lWvjyZyrfiufouVMgX+0=,8c6r+k6FErmLbPfTxhsrIO4eV4A=
-2,136,DzRkvb2lWvjyZyrfiufouVMgX+0=,8c6r+k6FErmLbPfTxhsrIO4eV4A=
-1,136,DzRkvb2lWvjyZyrfiufouVMgX+0=,8c6r+k6FErmLbPfTxhsrIO4eV4A=
-5,139,DzRkvb2lWvjyZyrfiufouVMgX+0=,8c6r+k6FErmLbPfTxhsrIO4eV4A=
-5,137,DzRkvb2lWvjyZyrfiufouVMgX+0=,8c6r+k6FErmLbPfTxhsrIO4eV4A=
-4,138,DzRkvb2lWvjyZyrfiufouVMgX+0=,8c6r+k6FErmLbPfTxhsrIO4eV4A=
-3,138,DzRkvb2lWvjyZyrfiufouVMgX+0=,8c6r+k6FErmLbPfTxhsrIO4eV4A=
-4,137,DzRkvb2lWvjyZyrfiufouVMgX+0=,8c6r+k6FErmLbPfTxhsrIO4eV4A=
-3,137,DzRkvb2lWvjyZyrfiufouVMgX+0=,8c6r+k6FErmLbPfTxhsrIO4eV4A=
-2,137,DzRkvb2lWvjyZyrfiufouVMgX+0=,8c6r+k6FErmLbPfTxhsrIO4eV4A=
-1,137,DzRkvb2lWvjyZyrfiufouVMgX+0=,8c6r+k6FErmLbPfTxhsrIO4eV4A=
-8,140,DzRkvb2lWvjyZyrfiufouVMgX+0=,8c6r+k6FErmLbPfTxhsrIO4eV4A=
-10,140,DzRkvb2lWvjyZyrfiufouVMgX+0=,mSb+Pzyt39TpmZRcVIcYCVF+p0U=
-7,140,DzRkvb2lWvjyZyrfiufouVMgX+0=,8c6r+k6FErmLbPfTxhsrIO4eV4A=
-6,140,DzRkvb2lWvjyZyrfiufouVMgX+0=,8c6r+k6FErmLbPfTxhsrIO4eV4A=
-12,141,DzRkvb2lWvjyZyrfiufouVMgX+0=,mSb+Pzyt39TpmZRcVIcYCVF+p0U=
-9,140,DzRkvb2lWvjyZyrfiufouVMgX+0=,mSb+Pzyt39TpmZRcVIcYCVF+p0U=
-16,141,DzRkvb2lWvjyZyrfiufouVMgX+0=,mSb+Pzyt39TpmZRcVIcYCVF+p0U=
-15,141,DzRkvb2lWvjyZyrfiufouVMgX+0=,mSb+Pzyt39TpmZRcVIcYCVF+p0U=
-8,141,DzRkvb2lWvjyZyrfiufouVMgX+0=,8c6r+k6FErmLbPfTxhsrIO4eV4A=
-7,141,DzRkvb2lWvjyZyrfiufouVMgX+0=,8c6r+k6FErmLbPfTxhsrIO4eV4A=
-14,141,DzRkvb2lWvjyZyrfiufouVMgX+0=,mSb+Pzyt39TpmZRcVIcYCVF+p0U=
-6,141,DzRkvb2lWvjyZyrfiufouVMgX+0=,8c6r+k6FErmLbPfTxhsrIO4eV4A=
-13,141,DzRkvb2lWvjyZyrfiufouVMgX+0=,mSb+Pzyt39TpmZRcVIcYCVF+p0U=
-11,141,DzRkvb2lWvjyZyrfiufouVMgX+0=,mSb+Pzyt39TpmZRcVIcYCVF+p0U=
-10,141,DzRkvb2lWvjyZyrfiufouVMgX+0=,mSb+Pzyt39TpmZRcVIcYCVF+p0U=
-9,141,DzRkvb2lWvjyZyrfiufouVMgX+0=,mSb+Pzyt39TpmZRcVIcYCVF+p0U=
-8,139,DzRkvb2lWvjyZyrfiufouVMgX+0=,8c6r+k6FErmLbPfTxhsrIO4eV4A=
-8,142,DzRkvb2lWvjyZyrfiufouVMgX+0=,8c6r+k6FErmLbPfTxhsrIO4eV4A=
-7,142,DzRkvb2lWvjyZyrfiufouVMgX+0=,8c6r+k6FErmLbPfTxhsrIO4eV4A=
-16,142,DzRkvb2lWvjyZyrfiufouVMgX+0=,mSb+Pzyt39TpmZRcVIcYCVF+p0U=
-6,142,DzRkvb2lWvjyZyrfiufouVMgX+0=,8c6r+k6FErmLbPfTxhsrIO4eV4A=
-16,140,DzRkvb2lWvjyZyrfiufouVMgX+0=,mSb+Pzyt39TpmZRcVIcYCVF+p0U=
-8,143,DzRkvb2lWvjyZyrfiufouVMgX+0=,8c6r+k6FErmLbPfTxhsrIO4eV4A=
-7,143,DzRkvb2lWvjyZyrfiufouVMgX+0=,8c6r+k6FErmLbPfTxhsrIO4eV4A=
-6,143,DzRkvb2lWvjyZyrfiufouVMgX+0=,8c6r+k6FErmLbPfTxhsrIO4eV4A=
-15,140,DzRkvb2lWvjyZyrfiufouVMgX+0=,mSb+Pzyt39TpmZRcVIcYCVF+p0U=
-14,140,DzRkvb2lWvjyZyrfiufouVMgX+0=,mSb+Pzyt39TpmZRcVIcYCVF+p0U=
-13,140,DzRkvb2lWvjyZyrfiufouVMgX+0=,mSb+Pzyt39TpmZRcVIcYCVF+p0U=
-12,140,DzRkvb2lWvjyZyrfiufouVMgX+0=,mSb+Pzyt39TpmZRcVIcYCVF+p0U=
-7,139,DzRkvb2lWvjyZyrfiufouVMgX+0=,8c6r+k6FErmLbPfTxhsrIO4eV4A=
-16,139,DzRkvb2lWvjyZyrfiufouVMgX+0=,mSb+Pzyt39TpmZRcVIcYCVF+p0U=
-15,139,DzRkvb2lWvjyZyrfiufouVMgX+0=,mSb+Pzyt39TpmZRcVIcYCVF+p0U=
-14,139,DzRkvb2lWvjyZyrfiufouVMgX+0=,mSb+Pzyt39TpmZRcVIcYCVF+p0U=
-12,143,DzRkvb2lWvjyZyrfiufouVMgX+0=,mSb+Pzyt39TpmZRcVIcYCVF+p0U=
-6,139,DzRkvb2lWvjyZyrfiufouVMgX+0=,8c6r+k6FErmLbPfTxhsrIO4eV4A=
-11,143,DzRkvb2lWvjyZyrfiufouVMgX+0=,mSb+Pzyt39TpmZRcVIcYCVF+p0U=
-15,142,DzRkvb2lWvjyZyrfiufouVMgX+0=,mSb+Pzyt39TpmZRcVIcYCVF+p0U=
-14,142,DzRkvb2lWvjyZyrfiufouVMgX+0=,mSb+Pzyt39TpmZRcVIcYCVF+p0U=
-13,142,DzRkvb2lWvjyZyrfiufouVMgX+0=,mSb+Pzyt39TpmZRcVIcYCVF+p0U=
-12,142,DzRkvb2lWvjyZyrfiufouVMgX+0=,mSb+Pzyt39TpmZRcVIcYCVF+p0U=
-13,139,DzRkvb2lWvjyZyrfiufouVMgX+0=,mSb+Pzyt39TpmZRcVIcYCVF+p0U=
-11,142,DzRkvb2lWvjyZyrfiufouVMgX+0=,mSb+Pzyt39TpmZRcVIcYCVF+p0U=
-10,142,DzRkvb2lWvjyZyrfiufouVMgX+0=,mSb+Pzyt39TpmZRcVIcYCVF+p0U=
-9,142,DzRkvb2lWvjyZyrfiufouVMgX+0=,mSb+Pzyt39TpmZRcVIcYCVF+p0U=
-11,140,DzRkvb2lWvjyZyrfiufouVMgX+0=,mSb+Pzyt39TpmZRcVIcYCVF+p0U=
-12,139,DzRkvb2lWvjyZyrfiufouVMgX+0=,mSb+Pzyt39TpmZRcVIcYCVF+p0U=
-11,139,DzRkvb2lWvjyZyrfiufouVMgX+0=,mSb+Pzyt39TpmZRcVIcYCVF+p0U=
-16,143,DzRkvb2lWvjyZyrfiufouVMgX+0=,mSb+Pzyt39TpmZRcVIcYCVF+p0U=
-15,143,DzRkvb2lWvjyZyrfiufouVMgX+0=,mSb+Pzyt39TpmZRcVIcYCVF+p0U=
-10,139,DzRkvb2lWvjyZyrfiufouVMgX+0=,mSb+Pzyt39TpmZRcVIcYCVF+p0U=
-14,143,DzRkvb2lWvjyZyrfiufouVMgX+0=,mSb+Pzyt39TpmZRcVIcYCVF+p0U=
-10,143,DzRkvb2lWvjyZyrfiufouVMgX+0=,mSb+Pzyt39TpmZRcVIcYCVF+p0U=
-9,139,DzRkvb2lWvjyZyrfiufouVMgX+0=,mSb+Pzyt39TpmZRcVIcYCVF+p0U=
-9,143,DzRkvb2lWvjyZyrfiufouVMgX+0=,mSb+Pzyt39TpmZRcVIcYCVF+p0U=
-13,143,DzRkvb2lWvjyZyrfiufouVMgX+0=,mSb+Pzyt39TpmZRcVIcYCVF+p0U=
-16,134,f8R4Q2rrWM+Vi7kFeV7N7Lr9bg0=,ML4p7SQR34bjqwmpLpPtfYMDFS4=
-15,134,f8R4Q2rrWM+Vi7kFeV7N7Lr9bg0=,ML4p7SQR34bjqwmpLpPtfYMDFS4=
-16,137,f8R4Q2rrWM+Vi7kFeV7N7Lr9bg0=,mSb+Pzyt39TpmZRcVIcYCVF+p0U=
-15,137,f8R4Q2rrWM+Vi7kFeV7N7Lr9bg0=,mSb+Pzyt39TpmZRcVIcYCVF+p0U=
-13,132,f8R4Q2rrWM+Vi7kFeV7N7Lr9bg0=,ML4p7SQR34bjqwmpLpPtfYMDFS4=
-14,132,f8R4Q2rrWM+Vi7kFeV7N7Lr9bg0=,ML4p7SQR34bjqwmpLpPtfYMDFS4=
-14,134,f8R4Q2rrWM+Vi7kFeV7N7Lr9bg0=,ML4p7SQR34bjqwmpLpPtfYMDFS4=
-14,137,f8R4Q2rrWM+Vi7kFeV7N7Lr9bg0=,mSb+Pzyt39TpmZRcVIcYCVF+p0U=
-16,128,f8R4Q2rrWM+Vi7kFeV7N7Lr9bg0=,ML4p7SQR34bjqwmpLpPtfYMDFS4=
-15,128,f8R4Q2rrWM+Vi7kFeV7N7Lr9bg0=,ML4p7SQR34bjqwmpLpPtfYMDFS4=
-13,134,f8R4Q2rrWM+Vi7kFeV7N7Lr9bg0=,ML4p7SQR34bjqwmpLpPtfYMDFS4=
-13,137,f8R4Q2rrWM+Vi7kFeV7N7Lr9bg0=,mSb+Pzyt39TpmZRcVIcYCVF+p0U=
-12,137,f8R4Q2rrWM+Vi7kFeV7N7Lr9bg0=,mSb+Pzyt39TpmZRcVIcYCVF+p0U=
-11,137,f8R4Q2rrWM+Vi7kFeV7N7Lr9bg0=,mSb+Pzyt39TpmZRcVIcYCVF+p0U=
-12,134,f8R4Q2rrWM+Vi7kFeV7N7Lr9bg0=,ML4p7SQR34bjqwmpLpPtfYMDFS4=
-15,133,f8R4Q2rrWM+Vi7kFeV7N7Lr9bg0=,ML4p7SQR34bjqwmpLpPtfYMDFS4=
-16,133,f8R4Q2rrWM+Vi7kFeV7N7Lr9bg0=,ML4p7SQR34bjqwmpLpPtfYMDFS4=
-9,136,f8R4Q2rrWM+Vi7kFeV7N7Lr9bg0=,mSb+Pzyt39TpmZRcVIcYCVF+p0U=
-10,136,f8R4Q2rrWM+Vi7kFeV7N7Lr9bg0=,mSb+Pzyt39TpmZRcVIcYCVF+p0U=
-11,136,f8R4Q2rrWM+Vi7kFeV7N7Lr9bg0=,mSb+Pzyt39TpmZRcVIcYCVF+p0U=
-9,132,f8R4Q2rrWM+Vi7kFeV7N7Lr9bg0=,ML4p7SQR34bjqwmpLpPtfYMDFS4=
-9,133,f8R4Q2rrWM+Vi7kFeV7N7Lr9bg0=,ML4p7SQR34bjqwmpLpPtfYMDFS4=
-14,131,f8R4Q2rrWM+Vi7kFeV7N7Lr9bg0=,ML4p7SQR34bjqwmpLpPtfYMDFS4=
-6,137,f8R4Q2rrWM+Vi7kFeV7N7Lr9bg0=,8c6r+k6FErmLbPfTxhsrIO4eV4A=
-7,137,f8R4Q2rrWM+Vi7kFeV7N7Lr9bg0=,8c6r+k6FErmLbPfTxhsrIO4eV4A=
-12,136,f8R4Q2rrWM+Vi7kFeV7N7Lr9bg0=,mSb+Pzyt39TpmZRcVIcYCVF+p0U=
-15,131,f8R4Q2rrWM+Vi7kFeV7N7Lr9bg0=,ML4p7SQR34bjqwmpLpPtfYMDFS4=
-10,133,f8R4Q2rrWM+Vi7kFeV7N7Lr9bg0=,ML4p7SQR34bjqwmpLpPtfYMDFS4=
-16,131,f8R4Q2rrWM+Vi7kFeV7N7Lr9bg0=,ML4p7SQR34bjqwmpLpPtfYMDFS4=
-8,137,f8R4Q2rrWM+Vi7kFeV7N7Lr9bg0=,8c6r+k6FErmLbPfTxhsrIO4eV4A=
-15,130,0+TQRa6BmeW1BvapuuBME8yLcl0=,ML4p7SQR34bjqwmpLpPtfYMDFS4=
-16,130,0+TQRa6BmeW1BvapuuBME8yLcl0=,ML4p7SQR34bjqwmpLpPtfYMDFS4=
-9,130,0+TQRa6BmeW1BvapuuBME8yLcl0=,ML4p7SQR34bjqwmpLpPtfYMDFS4=
-13,136,0+TQRa6BmeW1BvapuuBME8yLcl0=,mSb+Pzyt39TpmZRcVIcYCVF+p0U=
-9,129,0+TQRa6BmeW1BvapuuBME8yLcl0=,ML4p7SQR34bjqwmpLpPtfYMDFS4=
-14,136,0+TQRa6BmeW1BvapuuBME8yLcl0=,mSb+Pzyt39TpmZRcVIcYCVF+p0U=
-10,129,0+TQRa6BmeW1BvapuuBME8yLcl0=,ML4p7SQR34bjqwmpLpPtfYMDFS4=
-10,130,0+TQRa6BmeW1BvapuuBME8yLcl0=,ML4p7SQR34bjqwmpLpPtfYMDFS4=
-11,129,0+TQRa6BmeW1BvapuuBME8yLcl0=,ML4p7SQR34bjqwmpLpPtfYMDFS4=
-11,130,0+TQRa6BmeW1BvapuuBME8yLcl0=,ML4p7SQR34bjqwmpLpPtfYMDFS4=
-12,129,0+TQRa6BmeW1BvapuuBME8yLcl0=,ML4p7SQR34bjqwmpLpPtfYMDFS4=
-10,132,0+TQRa6BmeW1BvapuuBME8yLcl0=,ML4p7SQR34bjqwmpLpPtfYMDFS4=
-11,132,0+TQRa6BmeW1BvapuuBME8yLcl0=,ML4p7SQR34bjqwmpLpPtfYMDFS4=
-15,136,0+TQRa6BmeW1BvapuuBME8yLcl0=,mSb+Pzyt39TpmZRcVIcYCVF+p0U=
-12,132,0+TQRa6BmeW1BvapuuBME8yLcl0=,ML4p7SQR34bjqwmpLpPtfYMDFS4=
-6,136,0+TQRa6BmeW1BvapuuBME8yLcl0=,8c6r+k6FErmLbPfTxhsrIO4eV4A=
-9,138,0+TQRa6BmeW1BvapuuBME8yLcl0=,mSb+Pzyt39TpmZRcVIcYCVF+p0U=
-10,138,0+TQRa6BmeW1BvapuuBME8yLcl0=,mSb+Pzyt39TpmZRcVIcYCVF+p0U=
-6,138,0+TQRa6BmeW1BvapuuBME8yLcl0=,8c6r+k6FErmLbPfTxhsrIO4eV4A=
-16,129,0+TQRa6BmeW1BvapuuBME8yLcl0=,ML4p7SQR34bjqwmpLpPtfYMDFS4=
-11,138,0+TQRa6BmeW1BvapuuBME8yLcl0=,mSb+Pzyt39TpmZRcVIcYCVF+p0U=
-9,128,0+TQRa6BmeW1BvapuuBME8yLcl0=,ML4p7SQR34bjqwmpLpPtfYMDFS4=
-7,136,0+TQRa6BmeW1BvapuuBME8yLcl0=,8c6r+k6FErmLbPfTxhsrIO4eV4A=
-10,128,0+TQRa6BmeW1BvapuuBME8yLcl0=,ML4p7SQR34bjqwmpLpPtfYMDFS4=
-8,136,0+TQRa6BmeW1BvapuuBME8yLcl0=,8c6r+k6FErmLbPfTxhsrIO4eV4A=
-11,128,0+TQRa6BmeW1BvapuuBME8yLcl0=,ML4p7SQR34bjqwmpLpPtfYMDFS4=
-7,138,0+TQRa6BmeW1BvapuuBME8yLcl0=,8c6r+k6FErmLbPfTxhsrIO4eV4A=
-11,133,0+TQRa6BmeW1BvapuuBME8yLcl0=,ML4p7SQR34bjqwmpLpPtfYMDFS4=
-16,136,0+TQRa6BmeW1BvapuuBME8yLcl0=,mSb+Pzyt39TpmZRcVIcYCVF+p0U=
-9,135,0+TQRa6BmeW1BvapuuBME8yLcl0=,ML4p7SQR34bjqwmpLpPtfYMDFS4=
-10,135,0+TQRa6BmeW1BvapuuBME8yLcl0=,ML4p7SQR34bjqwmpLpPtfYMDFS4=
-12,130,0+TQRa6BmeW1BvapuuBME8yLcl0=,ML4p7SQR34bjqwmpLpPtfYMDFS4=
-12,138,0+TQRa6BmeW1BvapuuBME8yLcl0=,mSb+Pzyt39TpmZRcVIcYCVF+p0U=
-13,138,0+TQRa6BmeW1BvapuuBME8yLcl0=,mSb+Pzyt39TpmZRcVIcYCVF+p0U=
-14,138,0+TQRa6BmeW1BvapuuBME8yLcl0=,mSb+Pzyt39TpmZRcVIcYCVF+p0U=
-15,132,0+TQRa6BmeW1BvapuuBME8yLcl0=,ML4p7SQR34bjqwmpLpPtfYMDFS4=
-15,138,0+TQRa6BmeW1BvapuuBME8yLcl0=,mSb+Pzyt39TpmZRcVIcYCVF+p0U=
-13,129,0+TQRa6BmeW1BvapuuBME8yLcl0=,ML4p7SQR34bjqwmpLpPtfYMDFS4=
-14,129,0+TQRa6BmeW1BvapuuBME8yLcl0=,ML4p7SQR34bjqwmpLpPtfYMDFS4=
-13,131,0+TQRa6BmeW1BvapuuBME8yLcl0=,ML4p7SQR34bjqwmpLpPtfYMDFS4=
-12,131,0+TQRa6BmeW1BvapuuBME8yLcl0=,ML4p7SQR34bjqwmpLpPtfYMDFS4=
-11,131,0+TQRa6BmeW1BvapuuBME8yLcl0=,ML4p7SQR34bjqwmpLpPtfYMDFS4=
-11,134,0+TQRa6BmeW1BvapuuBME8yLcl0=,ML4p7SQR34bjqwmpLpPtfYMDFS4=
-10,134,0+TQRa6BmeW1BvapuuBME8yLcl0=,ML4p7SQR34bjqwmpLpPtfYMDFS4=
-9,134,0+TQRa6BmeW1BvapuuBME8yLcl0=,ML4p7SQR34bjqwmpLpPtfYMDFS4=
-16,135,0+TQRa6BmeW1BvapuuBME8yLcl0=,ML4p7SQR34bjqwmpLpPtfYMDFS4=
-15,135,0+TQRa6BmeW1BvapuuBME8yLcl0=,ML4p7SQR34bjqwmpLpPtfYMDFS4=
-10,131,0+TQRa6BmeW1BvapuuBME8yLcl0=,ML4p7SQR34bjqwmpLpPtfYMDFS4=
-14,135,0+TQRa6BmeW1BvapuuBME8yLcl0=,ML4p7SQR34bjqwmpLpPtfYMDFS4=
-10,137,0+TQRa6BmeW1BvapuuBME8yLcl0=,mSb+Pzyt39TpmZRcVIcYCVF+p0U=
-13,135,0+TQRa6BmeW1BvapuuBME8yLcl0=,ML4p7SQR34bjqwmpLpPtfYMDFS4=
-9,137,0+TQRa6BmeW1BvapuuBME8yLcl0=,mSb+Pzyt39TpmZRcVIcYCVF+p0U=
-12,135,0+TQRa6BmeW1BvapuuBME8yLcl0=,ML4p7SQR34bjqwmpLpPtfYMDFS4=
-8,138,0+TQRa6BmeW1BvapuuBME8yLcl0=,8c6r+k6FErmLbPfTxhsrIO4eV4A=
-11,135,0+TQRa6BmeW1BvapuuBME8yLcl0=,ML4p7SQR34bjqwmpLpPtfYMDFS4=
-14,128,0+TQRa6BmeW1BvapuuBME8yLcl0=,ML4p7SQR34bjqwmpLpPtfYMDFS4=
-12,128,0+TQRa6BmeW1BvapuuBME8yLcl0=,ML4p7SQR34bjqwmpLpPtfYMDFS4=
-15,129,0+TQRa6BmeW1BvapuuBME8yLcl0=,ML4p7SQR34bjqwmpLpPtfYMDFS4=
-13,128,0+TQRa6BmeW1BvapuuBME8yLcl0=,ML4p7SQR34bjqwmpLpPtfYMDFS4=
-16,138,0+TQRa6BmeW1BvapuuBME8yLcl0=,mSb+Pzyt39TpmZRcVIcYCVF+p0U=
-16,132,0+TQRa6BmeW1BvapuuBME8yLcl0=,ML4p7SQR34bjqwmpLpPtfYMDFS4=
-9,131,0+TQRa6BmeW1BvapuuBME8yLcl0=,ML4p7SQR34bjqwmpLpPtfYMDFS4=
-13,130,0+TQRa6BmeW1BvapuuBME8yLcl0=,ML4p7SQR34bjqwmpLpPtfYMDFS4=
-12,133,0+TQRa6BmeW1BvapuuBME8yLcl0=,ML4p7SQR34bjqwmpLpPtfYMDFS4=
-13,133,0+TQRa6BmeW1BvapuuBME8yLcl0=,ML4p7SQR34bjqwmpLpPtfYMDFS4=
-14,133,0+TQRa6BmeW1BvapuuBME8yLcl0=,ML4p7SQR34bjqwmpLpPtfYMDFS4=
-14,130,0+TQRa6BmeW1BvapuuBME8yLcl0=,ML4p7SQR34bjqwmpLpPtfYMDFS4=
-4,151,8gHI79NTcoYY7M07ZOgsdjPObi8=,B2clONbbjHmTEQMRP38cqnXpHFE=
-7,145,8gHI79NTcoYY7M07ZOgsdjPObi8=,B2clONbbjHmTEQMRP38cqnXpHFE=
-6,145,8gHI79NTcoYY7M07ZOgsdjPObi8=,B2clONbbjHmTEQMRP38cqnXpHFE=
-6,149,8gHI79NTcoYY7M07ZOgsdjPObi8=,B2clONbbjHmTEQMRP38cqnXpHFE=
-5,145,8gHI79NTcoYY7M07ZOgsdjPObi8=,B2clONbbjHmTEQMRP38cqnXpHFE=
-5,149,8gHI79NTcoYY7M07ZOgsdjPObi8=,B2clONbbjHmTEQMRP38cqnXpHFE=
-4,145,8gHI79NTcoYY7M07ZOgsdjPObi8=,B2clONbbjHmTEQMRP38cqnXpHFE=
-8,146,8gHI79NTcoYY7M07ZOgsdjPObi8=,B2clONbbjHmTEQMRP38cqnXpHFE=
-4,149,8gHI79NTcoYY7M07ZOgsdjPObi8=,B2clONbbjHmTEQMRP38cqnXpHFE=
-8,144,8gHI79NTcoYY7M07ZOgsdjPObi8=,B2clONbbjHmTEQMRP38cqnXpHFE=
-7,144,8gHI79NTcoYY7M07ZOgsdjPObi8=,B2clONbbjHmTEQMRP38cqnXpHFE=
-6,144,8gHI79NTcoYY7M07ZOgsdjPObi8=,B2clONbbjHmTEQMRP38cqnXpHFE=
-7,146,8gHI79NTcoYY7M07ZOgsdjPObi8=,B2clONbbjHmTEQMRP38cqnXpHFE=
-6,146,8gHI79NTcoYY7M07ZOgsdjPObi8=,B2clONbbjHmTEQMRP38cqnXpHFE=
-5,146,8gHI79NTcoYY7M07ZOgsdjPObi8=,B2clONbbjHmTEQMRP38cqnXpHFE=
-4,146,8gHI79NTcoYY7M07ZOgsdjPObi8=,B2clONbbjHmTEQMRP38cqnXpHFE=
-5,144,8gHI79NTcoYY7M07ZOgsdjPObi8=,B2clONbbjHmTEQMRP38cqnXpHFE=
-4,144,8gHI79NTcoYY7M07ZOgsdjPObi8=,B2clONbbjHmTEQMRP38cqnXpHFE=
-7,148,8gHI79NTcoYY7M07ZOgsdjPObi8=,B2clONbbjHmTEQMRP38cqnXpHFE=
-8,150,8gHI79NTcoYY7M07ZOgsdjPObi8=,B2clONbbjHmTEQMRP38cqnXpHFE=
-6,148,8gHI79NTcoYY7M07ZOgsdjPObi8=,B2clONbbjHmTEQMRP38cqnXpHFE=
-8,147,8gHI79NTcoYY7M07ZOgsdjPObi8=,B2clONbbjHmTEQMRP38cqnXpHFE=
-7,147,8gHI79NTcoYY7M07ZOgsdjPObi8=,B2clONbbjHmTEQMRP38cqnXpHFE=
-7,150,8gHI79NTcoYY7M07ZOgsdjPObi8=,B2clONbbjHmTEQMRP38cqnXpHFE=
-5,148,8gHI79NTcoYY7M07ZOgsdjPObi8=,B2clONbbjHmTEQMRP38cqnXpHFE=
-4,148,8gHI79NTcoYY7M07ZOgsdjPObi8=,B2clONbbjHmTEQMRP38cqnXpHFE=
-6,147,8gHI79NTcoYY7M07ZOgsdjPObi8=,B2clONbbjHmTEQMRP38cqnXpHFE=
-5,147,8gHI79NTcoYY7M07ZOgsdjPObi8=,B2clONbbjHmTEQMRP38cqnXpHFE=
-4,147,8gHI79NTcoYY7M07ZOgsdjPObi8=,B2clONbbjHmTEQMRP38cqnXpHFE=
-8,145,8gHI79NTcoYY7M07ZOgsdjPObi8=,B2clONbbjHmTEQMRP38cqnXpHFE=
-5,150,8gHI79NTcoYY7M07ZOgsdjPObi8=,B2clONbbjHmTEQMRP38cqnXpHFE=
-4,150,8gHI79NTcoYY7M07ZOgsdjPObi8=,B2clONbbjHmTEQMRP38cqnXpHFE=
-6,150,8gHI79NTcoYY7M07ZOgsdjPObi8=,B2clONbbjHmTEQMRP38cqnXpHFE=
-8,151,8gHI79NTcoYY7M07ZOgsdjPObi8=,B2clONbbjHmTEQMRP38cqnXpHFE=
-8,149,8gHI79NTcoYY7M07ZOgsdjPObi8=,B2clONbbjHmTEQMRP38cqnXpHFE=
-8,148,8gHI79NTcoYY7M07ZOgsdjPObi8=,B2clONbbjHmTEQMRP38cqnXpHFE=
-7,149,8gHI79NTcoYY7M07ZOgsdjPObi8=,B2clONbbjHmTEQMRP38cqnXpHFE=
-7,151,8gHI79NTcoYY7M07ZOgsdjPObi8=,B2clONbbjHmTEQMRP38cqnXpHFE=
-6,151,8gHI79NTcoYY7M07ZOgsdjPObi8=,B2clONbbjHmTEQMRP38cqnXpHFE=
-5,151,8gHI79NTcoYY7M07ZOgsdjPObi8=,B2clONbbjHmTEQMRP38cqnXpHFE=
-3,151,8gHI79NTcoYY7M07ZOgsdjPObi8=,B2clONbbjHmTEQMRP38cqnXpHFE=
-2,151,8gHI79NTcoYY7M07ZOgsdjPObi8=,B2clONbbjHmTEQMRP38cqnXpHFE=
-1,151,8gHI79NTcoYY7M07ZOgsdjPObi8=,B2clONbbjHmTEQMRP38cqnXpHFE=
-3,145,8gHI79NTcoYY7M07ZOgsdjPObi8=,B2clONbbjHmTEQMRP38cqnXpHFE=
-2,145,8gHI79NTcoYY7M07ZOgsdjPObi8=,B2clONbbjHmTEQMRP38cqnXpHFE=
-1,145,8gHI79NTcoYY7M07ZOgsdjPObi8=,B2clONbbjHmTEQMRP38cqnXpHFE=
-3,149,8gHI79NTcoYY7M07ZOgsdjPObi8=,B2clONbbjHmTEQMRP38cqnXpHFE=
-2,149,8gHI79NTcoYY7M07ZOgsdjPObi8=,B2clONbbjHmTEQMRP38cqnXpHFE=
-3,146,8gHI79NTcoYY7M07ZOgsdjPObi8=,B2clONbbjHmTEQMRP38cqnXpHFE=
-3,144,8gHI79NTcoYY7M07ZOgsdjPObi8=,B2clONbbjHmTEQMRP38cqnXpHFE=
-2,146,8gHI79NTcoYY7M07ZOgsdjPObi8=,B2clONbbjHmTEQMRP38cqnXpHFE=
-1,146,8gHI79NTcoYY7M07ZOgsdjPObi8=,B2clONbbjHmTEQMRP38cqnXpHFE=
-1,149,8gHI79NTcoYY7M07ZOgsdjPObi8=,B2clONbbjHmTEQMRP38cqnXpHFE=
-2,144,8gHI79NTcoYY7M07ZOgsdjPObi8=,B2clONbbjHmTEQMRP38cqnXpHFE=
-1,150,8gHI79NTcoYY7M07ZOgsdjPObi8=,B2clONbbjHmTEQMRP38cqnXpHFE=
-2,150,8gHI79NTcoYY7M07ZOgsdjPObi8=,B2clONbbjHmTEQMRP38cqnXpHFE=
-2,147,8gHI79NTcoYY7M07ZOgsdjPObi8=,B2clONbbjHmTEQMRP38cqnXpHFE=
-3,150,8gHI79NTcoYY7M07ZOgsdjPObi8=,B2clONbbjHmTEQMRP38cqnXpHFE=
-1,147,8gHI79NTcoYY7M07ZOgsdjPObi8=,B2clONbbjHmTEQMRP38cqnXpHFE=
-2,148,8gHI79NTcoYY7M07ZOgsdjPObi8=,B2clONbbjHmTEQMRP38cqnXpHFE=
-3,148,8gHI79NTcoYY7M07ZOgsdjPObi8=,B2clONbbjHmTEQMRP38cqnXpHFE=
-3,147,8gHI79NTcoYY7M07ZOgsdjPObi8=,B2clONbbjHmTEQMRP38cqnXpHFE=
-1,144,8gHI79NTcoYY7M07ZOgsdjPObi8=,B2clONbbjHmTEQMRP38cqnXpHFE=
-1,148,8gHI79NTcoYY7M07ZOgsdjPObi8=,B2clONbbjHmTEQMRP38cqnXpHFE=
