-36,-68,EWVaJlVP8Sqz14vbudzoOiqnxa8=,jiKdyUXkK9i3lEjlHwgpXX5EGO0=
-37,-69,EWVaJlVP8Sqz14vbudzoOiqnxa8=,jiKdyUXkK9i3lEjlHwgpXX5EGO0=
-36,-69,EWVaJlVP8Sqz14vbudzoOiqnxa8=,jiKdyUXkK9i3lEjlHwgpXX5EGO0=
-37,-68,EWVaJlVP8Sqz14vbudzoOiqnxa8=,jiKdyUXkK9i3lEjlHwgpXX5EGO0=
-44,-77,eTG7eSA39B5dzwmGfPEL6yeXXQU=,Btu0yo86JW2ZJ+IL3Pzck3QOB60=
-45,-76,eTG7eSA39B5dzwmGfPEL6yeXXQU=,Btu0yo86JW2ZJ+IL3Pzck3QOB60=
-44,-76,eTG7eSA39B5dzwmGfPEL6yeXXQU=,Btu0yo86JW2ZJ+IL3Pzck3QOB60=
-45,-80,eTG7eSA39B5dzwmGfPEL6yeXXQU=,Btu0yo86JW2ZJ+IL3Pzck3QOB60=
-44,-80,eTG7eSA39B5dzwmGfPEL6yeXXQU=,Btu0yo86JW2ZJ+IL3Pzck3QOB60=
-45,-79,eTG7eSA39B5dzwmGfPEL6yeXXQU=,Btu0yo86JW2ZJ+IL3Pzck3QOB60=
-44,-79,eTG7eSA39B5dzwmGfPEL6yeXXQU=,Btu0yo86JW2ZJ+IL3Pzck3QOB60=
-45,-78,eTG7eSA39B5dzwmGfPEL6yeXXQU=,Btu0yo86JW2ZJ+IL3Pzck3QOB60=
-44,-78,eTG7eSA39B5dzwmGfPEL6yeXXQU=,Btu0yo86JW2ZJ+IL3Pzck3QOB60=
-45,-77,eTG7eSA39B5dzwmGfPEL6yeXXQU=,Btu0yo86JW2ZJ+IL3Pzck3QOB60=
-48,-76,BnCpeU7GkaoOzLAOrzD3US290DI=,Btu0yo86JW2ZJ+IL3Pzck3QOB60=
-47,-76,BnCpeU7GkaoOzLAOrzD3US290DI=,Btu0yo86JW2ZJ+IL3Pzck3QOB60=
-46,-76,BnCpeU7GkaoOzLAOrzD3US290DI=,Btu0yo86JW2ZJ+IL3Pzck3QOB60=
-48,-77,BnCpeU7GkaoOzLAOrzD3US290DI=,Btu0yo86JW2ZJ+IL3Pzck3QOB60=
-47,-77,BnCpeU7GkaoOzLAOrzD3US290DI=,Btu0yo86JW2ZJ+IL3Pzck3QOB60=
-46,-77,BnCpeU7GkaoOzLAOrzD3US290DI=,Btu0yo86JW2ZJ+IL3Pzck3QOB60=
-35,-68,pikupCjMMZy9b0mjO6pfh5+53Ss=,jiKdyUXkK9i3lEjlHwgpXX5EGO0=
-34,-68,pikupCjMMZy9b0mjO6pfh5+53Ss=,jiKdyUXkK9i3lEjlHwgpXX5EGO0=
-33,-68,pikupCjMMZy9b0mjO6pfh5+53Ss=,jiKdyUXkK9i3lEjlHwgpXX5EGO0=
-35,-69,pikupCjMMZy9b0mjO6pfh5+53Ss=,jiKdyUXkK9i3lEjlHwgpXX5EGO0=
-34,-69,pikupCjMMZy9b0mjO6pfh5+53Ss=,jiKdyUXkK9i3lEjlHwgpXX5EGO0=
-33,-69,pikupCjMMZy9b0mjO6pfh5+53Ss=,jiKdyUXkK9i3lEjlHwgpXX5EGO0=
-37,-67,pikupCjMMZy9b0mjO6pfh5+53Ss=,jiKdyUXkK9i3lEjlHwgpXX5EGO0=
-36,-65,pA4OLXSq46e5s6dhXsFBwfcuu84=,jiKdyUXkK9i3lEjlHwgpXX5EGO0=
-36,-67,pA4OLXSq46e5s6dhXsFBwfcuu84=,jiKdyUXkK9i3lEjlHwgpXX5EGO0=
-37,-66,pA4OLXSq46e5s6dhXsFBwfcuu84=,jiKdyUXkK9i3lEjlHwgpXX5EGO0=
-36,-66,pA4OLXSq46e5s6dhXsFBwfcuu84=,jiKdyUXkK9i3lEjlHwgpXX5EGO0=
-37,-65,pA4OLXSq46e5s6dhXsFBwfcuu84=,jiKdyUXkK9i3lEjlHwgpXX5EGO0=
-35,-65,pA4OLXSq46e5s6dhXsFBwfcuu84=,jiKdyUXkK9i3lEjlHwgpXX5EGO0=
-34,-65,pA4OLXSq46e5s6dhXsFBwfcuu84=,jiKdyUXkK9i3lEjlHwgpXX5EGO0=
-35,-67,pA4OLXSq46e5s6dhXsFBwfcuu84=,jiKdyUXkK9i3lEjlHwgpXX5EGO0=
-34,-67,pA4OLXSq46e5s6dhXsFBwfcuu84=,jiKdyUXkK9i3lEjlHwgpXX5EGO0=
-33,-67,pA4OLXSq46e5s6dhXsFBwfcuu84=,jiKdyUXkK9i3lEjlHwgpXX5EGO0=
-33,-65,pA4OLXSq46e5s6dhXsFBwfcuu84=,jiKdyUXkK9i3lEjlHwgpXX5EGO0=
-35,-66,pA4OLXSq46e5s6dhXsFBwfcuu84=,jiKdyUXkK9i3lEjlHwgpXX5EGO0=
-34,-66,pA4OLXSq46e5s6dhXsFBwfcuu84=,jiKdyUXkK9i3lEjlHwgpXX5EGO0=
-33,-66,pA4OLXSq46e5s6dhXsFBwfcuu84=,jiKdyUXkK9i3lEjlHwgpXX5EGO0=
-48,-80,pA4OLXSq46e5s6dhXsFBwfcuu84=,Btu0yo86JW2ZJ+IL3Pzck3QOB60=
-47,-80,pA4OLXSq46e5s6dhXsFBwfcuu84=,Btu0yo86JW2ZJ+IL3Pzck3QOB60=
-46,-80,pA4OLXSq46e5s6dhXsFBwfcuu84=,Btu0yo86JW2ZJ+IL3Pzck3QOB60=
-48,-79,pA4OLXSq46e5s6dhXsFBwfcuu84=,Btu0yo86JW2ZJ+IL3Pzck3QOB60=
-47,-79,pA4OLXSq46e5s6dhXsFBwfcuu84=,Btu0yo86JW2ZJ+IL3Pzck3QOB60=
-46,-79,pA4OLXSq46e5s6dhXsFBwfcuu84=,Btu0yo86JW2ZJ+IL3Pzck3QOB60=
-48,-78,pA4OLXSq46e5s6dhXsFBwfcuu84=,Btu0yo86JW2ZJ+IL3Pzck3QOB60=
-47,-78,pA4OLXSq46e5s6dhXsFBwfcuu84=,Btu0yo86JW2ZJ+IL3Pzck3QOB60=
-46,-78,pA4OLXSq46e5s6dhXsFBwfcuu84=,Btu0yo86JW2ZJ+IL3Pzck3QOB60=
-38,-80,ZAPaSEbRVE14dmOp16VmezpSpc4=,hJBdl2JnX2buE58E7ZHnYcpk5VU=
-42,-78,ZAPaSEbRVE14dmOp16VmezpSpc4=,Btu0yo86JW2ZJ+IL3Pzck3QOB60=
-43,-78,ZAPaSEbRVE14dmOp16VmezpSpc4=,Btu0yo86JW2ZJ+IL3Pzck3QOB60=
-39,-77,ZAPaSEbRVE14dmOp16VmezpSpc4=,hJBdl2JnX2buE58E7ZHnYcpk5VU=
-35,-73,ZAPaSEbRVE14dmOp16VmezpSpc4=,hJBdl2JnX2buE58E7ZHnYcpk5VU=
-36,-73,ZAPaSEbRVE14dmOp16VmezpSpc4=,hJBdl2JnX2buE58E7ZHnYcpk5VU=
-40,-77,ZAPaSEbRVE14dmOp16VmezpSpc4=,hJBdl2JnX2buE58E7ZHnYcpk5VU=
-33,-74,ZAPaSEbRVE14dmOp16VmezpSpc4=,hJBdl2JnX2buE58E7ZHnYcpk5VU=
-33,-78,ZAPaSEbRVE14dmOp16VmezpSpc4=,hJBdl2JnX2buE58E7ZHnYcpk5VU=
-33,-72,ZAPaSEbRVE14dmOp16VmezpSpc4=,jiKdyUXkK9i3lEjlHwgpXX5EGO0=
-34,-78,ZAPaSEbRVE14dmOp16VmezpSpc4=,hJBdl2JnX2buE58E7ZHnYcpk5VU=
-35,-78,ZAPaSEbRVE14dmOp16VmezpSpc4=,hJBdl2JnX2buE58E7ZHnYcpk5VU=
-33,-75,ZAPaSEbRVE14dmOp16VmezpSpc4=,hJBdl2JnX2buE58E7ZHnYcpk5VU=
-34,-75,ZAPaSEbRVE14dmOp16VmezpSpc4=,hJBdl2JnX2buE58E7ZHnYcpk5VU=
-36,-75,ZAPaSEbRVE14dmOp16VmezpSpc4=,hJBdl2JnX2buE58E7ZHnYcpk5VU=
-34,-72,ZAPaSEbRVE14dmOp16VmezpSpc4=,jiKdyUXkK9i3lEjlHwgpXX5EGO0=
-41,-79,ZAPaSEbRVE14dmOp16VmezpSpc4=,Btu0yo86JW2ZJ+IL3Pzck3QOB60=
-36,-78,ZAPaSEbRVE14dmOp16VmezpSpc4=,hJBdl2JnX2buE58E7ZHnYcpk5VU=
-42,-79,ZAPaSEbRVE14dmOp16VmezpSpc4=,Btu0yo86JW2ZJ+IL3Pzck3QOB60=
-37,-75,ZAPaSEbRVE14dmOp16VmezpSpc4=,hJBdl2JnX2buE58E7ZHnYcpk5VU=
-37,-78,ZAPaSEbRVE14dmOp16VmezpSpc4=,hJBdl2JnX2buE58E7ZHnYcpk5VU=
-38,-78,ZAPaSEbRVE14dmOp16VmezpSpc4=,hJBdl2JnX2buE58E7ZHnYcpk5VU=
-39,-80,ZAPaSEbRVE14dmOp16VmezpSpc4=,hJBdl2JnX2buE58E7ZHnYcpk5VU=
-39,-78,ZAPaSEbRVE14dmOp16VmezpSpc4=,hJBdl2JnX2buE58E7ZHnYcpk5VU=
-35,-75,ZAPaSEbRVE14dmOp16VmezpSpc4=,hJBdl2JnX2buE58E7ZHnYcpk5VU=
-40,-80,ZAPaSEbRVE14dmOp16VmezpSpc4=,hJBdl2JnX2buE58E7ZHnYcpk5VU=
-43,-79,ZAPaSEbRVE14dmOp16VmezpSpc4=,Btu0yo86JW2ZJ+IL3Pzck3QOB60=
-40,-78,ZAPaSEbRVE14dmOp16VmezpSpc4=,hJBdl2JnX2buE58E7ZHnYcpk5VU=
-33,-79,ZAPaSEbRVE14dmOp16VmezpSpc4=,hJBdl2JnX2buE58E7ZHnYcpk5VU=
-37,-73,ZAPaSEbRVE14dmOp16VmezpSpc4=,hJBdl2JnX2buE58E7ZHnYcpk5VU=
-34,-79,ZAPaSEbRVE14dmOp16VmezpSpc4=,hJBdl2JnX2buE58E7ZHnYcpk5VU=
-34,-74,ZAPaSEbRVE14dmOp16VmezpSpc4=,hJBdl2JnX2buE58E7ZHnYcpk5VU=
-33,-76,ZAPaSEbRVE14dmOp16VmezpSpc4=,hJBdl2JnX2buE58E7ZHnYcpk5VU=
-35,-74,ZAPaSEbRVE14dmOp16VmezpSpc4=,hJBdl2JnX2buE58E7ZHnYcpk5VU=
-35,-79,ZAPaSEbRVE14dmOp16VmezpSpc4=,hJBdl2JnX2buE58E7ZHnYcpk5VU=
-34,-76,ZAPaSEbRVE14dmOp16VmezpSpc4=,hJBdl2JnX2buE58E7ZHnYcpk5VU=
-33,-70,ZAPaSEbRVE14dmOp16VmezpSpc4=,jiKdyUXkK9i3lEjlHwgpXX5EGO0=
-34,-70,ZAPaSEbRVE14dmOp16VmezpSpc4=,jiKdyUXkK9i3lEjlHwgpXX5EGO0=
-35,-70,ZAPaSEbRVE14dmOp16VmezpSpc4=,jiKdyUXkK9i3lEjlHwgpXX5EGO0=
-36,-79,ZAPaSEbRVE14dmOp16VmezpSpc4=,hJBdl2JnX2buE58E7ZHnYcpk5VU=
-35,-76,ZAPaSEbRVE14dmOp16VmezpSpc4=,hJBdl2JnX2buE58E7ZHnYcpk5VU=
-33,-71,ZAPaSEbRVE14dmOp16VmezpSpc4=,jiKdyUXkK9i3lEjlHwgpXX5EGO0=
-36,-76,ZAPaSEbRVE14dmOp16VmezpSpc4=,hJBdl2JnX2buE58E7ZHnYcpk5VU=
-37,-76,ZAPaSEbRVE14dmOp16VmezpSpc4=,hJBdl2JnX2buE58E7ZHnYcpk5VU=
-37,-79,ZAPaSEbRVE14dmOp16VmezpSpc4=,hJBdl2JnX2buE58E7ZHnYcpk5VU=
-41,-80,ZAPaSEbRVE14dmOp16VmezpSpc4=,Btu0yo86JW2ZJ+IL3Pzck3QOB60=
-34,-71,ZAPaSEbRVE14dmOp16VmezpSpc4=,jiKdyUXkK9i3lEjlHwgpXX5EGO0=
-42,-80,ZAPaSEbRVE14dmOp16VmezpSpc4=,Btu0yo86JW2ZJ+IL3Pzck3QOB60=
-35,-71,ZAPaSEbRVE14dmOp16VmezpSpc4=,jiKdyUXkK9i3lEjlHwgpXX5EGO0=
-38,-79,ZAPaSEbRVE14dmOp16VmezpSpc4=,hJBdl2JnX2buE58E7ZHnYcpk5VU=
-39,-79,ZAPaSEbRVE14dmOp16VmezpSpc4=,hJBdl2JnX2buE58E7ZHnYcpk5VU=
-38,-76,ZAPaSEbRVE14dmOp16VmezpSpc4=,hJBdl2JnX2buE58E7ZHnYcpk5VU=
-39,-76,ZAPaSEbRVE14dmOp16VmezpSpc4=,hJBdl2JnX2buE58E7ZHnYcpk5VU=
-40,-79,ZAPaSEbRVE14dmOp16VmezpSpc4=,hJBdl2JnX2buE58E7ZHnYcpk5VU=
-40,-76,ZAPaSEbRVE14dmOp16VmezpSpc4=,hJBdl2JnX2buE58E7ZHnYcpk5VU=
-36,-71,ZAPaSEbRVE14dmOp16VmezpSpc4=,jiKdyUXkK9i3lEjlHwgpXX5EGO0=
-37,-71,ZAPaSEbRVE14dmOp16VmezpSpc4=,jiKdyUXkK9i3lEjlHwgpXX5EGO0=
-43,-80,ZAPaSEbRVE14dmOp16VmezpSpc4=,Btu0yo86JW2ZJ+IL3Pzck3QOB60=
-35,-72,ZAPaSEbRVE14dmOp16VmezpSpc4=,jiKdyUXkK9i3lEjlHwgpXX5EGO0=
-33,-77,ZAPaSEbRVE14dmOp16VmezpSpc4=,hJBdl2JnX2buE58E7ZHnYcpk5VU=
-36,-72,ZAPaSEbRVE14dmOp16VmezpSpc4=,jiKdyUXkK9i3lEjlHwgpXX5EGO0=
-34,-77,ZAPaSEbRVE14dmOp16VmezpSpc4=,hJBdl2JnX2buE58E7ZHnYcpk5VU=
-35,-77,ZAPaSEbRVE14dmOp16VmezpSpc4=,hJBdl2JnX2buE58E7ZHnYcpk5VU=
-36,-77,ZAPaSEbRVE14dmOp16VmezpSpc4=,hJBdl2JnX2buE58E7ZHnYcpk5VU=
-37,-77,ZAPaSEbRVE14dmOp16VmezpSpc4=,hJBdl2JnX2buE58E7ZHnYcpk5VU=
-37,-72,ZAPaSEbRVE14dmOp16VmezpSpc4=,jiKdyUXkK9i3lEjlHwgpXX5EGO0=
-33,-80,ZAPaSEbRVE14dmOp16VmezpSpc4=,hJBdl2JnX2buE58E7ZHnYcpk5VU=
-34,-80,ZAPaSEbRVE14dmOp16VmezpSpc4=,hJBdl2JnX2buE58E7ZHnYcpk5VU=
-35,-80,ZAPaSEbRVE14dmOp16VmezpSpc4=,hJBdl2JnX2buE58E7ZHnYcpk5VU=
-36,-80,ZAPaSEbRVE14dmOp16VmezpSpc4=,hJBdl2JnX2buE58E7ZHnYcpk5VU=
-37,-80,ZAPaSEbRVE14dmOp16VmezpSpc4=,hJBdl2JnX2buE58E7ZHnYcpk5VU=
-41,-76,ZAPaSEbRVE14dmOp16VmezpSpc4=,Btu0yo86JW2ZJ+IL3Pzck3QOB60=
-41,-78,ZAPaSEbRVE14dmOp16VmezpSpc4=,Btu0yo86JW2ZJ+IL3Pzck3QOB60=
-37,-70,ZAPaSEbRVE14dmOp16VmezpSpc4=,jiKdyUXkK9i3lEjlHwgpXX5EGO0=
-36,-70,ZAPaSEbRVE14dmOp16VmezpSpc4=,jiKdyUXkK9i3lEjlHwgpXX5EGO0=
-43,-77,ZAPaSEbRVE14dmOp16VmezpSpc4=,Btu0yo86JW2ZJ+IL3Pzck3QOB60=
-34,-73,ZAPaSEbRVE14dmOp16VmezpSpc4=,hJBdl2JnX2buE58E7ZHnYcpk5VU=
-42,-77,ZAPaSEbRVE14dmOp16VmezpSpc4=,Btu0yo86JW2ZJ+IL3Pzck3QOB60=
-41,-77,ZAPaSEbRVE14dmOp16VmezpSpc4=,Btu0yo86JW2ZJ+IL3Pzck3QOB60=
-33,-73,ZAPaSEbRVE14dmOp16VmezpSpc4=,hJBdl2JnX2buE58E7ZHnYcpk5VU=
-37,-74,ZAPaSEbRVE14dmOp16VmezpSpc4=,hJBdl2JnX2buE58E7ZHnYcpk5VU=
-36,-74,ZAPaSEbRVE14dmOp16VmezpSpc4=,hJBdl2JnX2buE58E7ZHnYcpk5VU=
-43,-76,ZAPaSEbRVE14dmOp16VmezpSpc4=,Btu0yo86JW2ZJ+IL3Pzck3QOB60=
-42,-76,ZAPaSEbRVE14dmOp16VmezpSpc4=,Btu0yo86JW2ZJ+IL3Pzck3QOB60=
-38,-77,ZAPaSEbRVE14dmOp16VmezpSpc4=,hJBdl2JnX2buE58E7ZHnYcpk5VU=
-38,-70,Oqnkp+2/POKTBbuBAWZYkpGXLGQ=,jiKdyUXkK9i3lEjlHwgpXX5EGO0=
-44,-69,Oqnkp+2/POKTBbuBAWZYkpGXLGQ=,DyPdkekjtNAXZOmu8nmAR3FmcdA=
-45,-67,Oqnkp+2/POKTBbuBAWZYkpGXLGQ=,DyPdkekjtNAXZOmu8nmAR3FmcdA=
-41,-65,Oqnkp+2/POKTBbuBAWZYkpGXLGQ=,DyPdkekjtNAXZOmu8nmAR3FmcdA=
-39,-71,Oqnkp+2/POKTBbuBAWZYkpGXLGQ=,jiKdyUXkK9i3lEjlHwgpXX5EGO0=
-45,-65,Oqnkp+2/POKTBbuBAWZYkpGXLGQ=,DyPdkekjtNAXZOmu8nmAR3FmcdA=
-38,-65,Oqnkp+2/POKTBbuBAWZYkpGXLGQ=,jiKdyUXkK9i3lEjlHwgpXX5EGO0=
-38,-68,Oqnkp+2/POKTBbuBAWZYkpGXLGQ=,jiKdyUXkK9i3lEjlHwgpXX5EGO0=
-39,-68,Oqnkp+2/POKTBbuBAWZYkpGXLGQ=,jiKdyUXkK9i3lEjlHwgpXX5EGO0=
-45,-69,Oqnkp+2/POKTBbuBAWZYkpGXLGQ=,DyPdkekjtNAXZOmu8nmAR3FmcdA=
-39,-65,Oqnkp+2/POKTBbuBAWZYkpGXLGQ=,jiKdyUXkK9i3lEjlHwgpXX5EGO0=
-40,-65,Oqnkp+2/POKTBbuBAWZYkpGXLGQ=,jiKdyUXkK9i3lEjlHwgpXX5EGO0=
-46,-69,Oqnkp+2/POKTBbuBAWZYkpGXLGQ=,DyPdkekjtNAXZOmu8nmAR3FmcdA=
-47,-69,Oqnkp+2/POKTBbuBAWZYkpGXLGQ=,DyPdkekjtNAXZOmu8nmAR3FmcdA=
-46,-65,Oqnkp+2/POKTBbuBAWZYkpGXLGQ=,DyPdkekjtNAXZOmu8nmAR3FmcdA=
-39,-74,Oqnkp+2/POKTBbuBAWZYkpGXLGQ=,hJBdl2JnX2buE58E7ZHnYcpk5VU=
-48,-69,Oqnkp+2/POKTBbuBAWZYkpGXLGQ=,DyPdkekjtNAXZOmu8nmAR3FmcdA=
-40,-74,Oqnkp+2/POKTBbuBAWZYkpGXLGQ=,hJBdl2JnX2buE58E7ZHnYcpk5VU=
-40,-68,Oqnkp+2/POKTBbuBAWZYkpGXLGQ=,jiKdyUXkK9i3lEjlHwgpXX5EGO0=
-41,-70,Oqnkp+2/POKTBbuBAWZYkpGXLGQ=,DyPdkekjtNAXZOmu8nmAR3FmcdA=
-47,-65,Oqnkp+2/POKTBbuBAWZYkpGXLGQ=,DyPdkekjtNAXZOmu8nmAR3FmcdA=
-48,-65,Oqnkp+2/POKTBbuBAWZYkpGXLGQ=,DyPdkekjtNAXZOmu8nmAR3FmcdA=
-41,-66,Oqnkp+2/POKTBbuBAWZYkpGXLGQ=,DyPdkekjtNAXZOmu8nmAR3FmcdA=
-42,-70,Oqnkp+2/POKTBbuBAWZYkpGXLGQ=,DyPdkekjtNAXZOmu8nmAR3FmcdA=
-40,-71,Oqnkp+2/POKTBbuBAWZYkpGXLGQ=,jiKdyUXkK9i3lEjlHwgpXX5EGO0=
-42,-66,Oqnkp+2/POKTBbuBAWZYkpGXLGQ=,DyPdkekjtNAXZOmu8nmAR3FmcdA=
-44,-70,Oqnkp+2/POKTBbuBAWZYkpGXLGQ=,DyPdkekjtNAXZOmu8nmAR3FmcdA=
-45,-70,6HZmJocQapkFJmhsOMHNXNCVh+o=,DyPdkekjtNAXZOmu8nmAR3FmcdA=
-43,-70,6HZmJocQapkFJmhsOMHNXNCVh+o=,DyPdkekjtNAXZOmu8nmAR3FmcdA=
-46,-67,6HZmJocQapkFJmhsOMHNXNCVh+o=,DyPdkekjtNAXZOmu8nmAR3FmcdA=
-47,-67,6HZmJocQapkFJmhsOMHNXNCVh+o=,DyPdkekjtNAXZOmu8nmAR3FmcdA=
-46,-70,6HZmJocQapkFJmhsOMHNXNCVh+o=,DyPdkekjtNAXZOmu8nmAR3FmcdA=
-38,-69,6HZmJocQapkFJmhsOMHNXNCVh+o=,jiKdyUXkK9i3lEjlHwgpXX5EGO0=
-39,-69,6HZmJocQapkFJmhsOMHNXNCVh+o=,jiKdyUXkK9i3lEjlHwgpXX5EGO0=
-38,-66,6HZmJocQapkFJmhsOMHNXNCVh+o=,jiKdyUXkK9i3lEjlHwgpXX5EGO0=
-39,-66,6HZmJocQapkFJmhsOMHNXNCVh+o=,jiKdyUXkK9i3lEjlHwgpXX5EGO0=
-47,-70,6HZmJocQapkFJmhsOMHNXNCVh+o=,DyPdkekjtNAXZOmu8nmAR3FmcdA=
-48,-70,6HZmJocQapkFJmhsOMHNXNCVh+o=,DyPdkekjtNAXZOmu8nmAR3FmcdA=
-40,-69,6HZmJocQapkFJmhsOMHNXNCVh+o=,jiKdyUXkK9i3lEjlHwgpXX5EGO0=
-41,-71,6HZmJocQapkFJmhsOMHNXNCVh+o=,DyPdkekjtNAXZOmu8nmAR3FmcdA=
-42,-71,6HZmJocQapkFJmhsOMHNXNCVh+o=,DyPdkekjtNAXZOmu8nmAR3FmcdA=
-44,-71,6HZmJocQapkFJmhsOMHNXNCVh+o=,DyPdkekjtNAXZOmu8nmAR3FmcdA=
-43,-71,6HZmJocQapkFJmhsOMHNXNCVh+o=,DyPdkekjtNAXZOmu8nmAR3FmcdA=
-46,-71,6HZmJocQapkFJmhsOMHNXNCVh+o=,DyPdkekjtNAXZOmu8nmAR3FmcdA=
-45,-71,6HZmJocQapkFJmhsOMHNXNCVh+o=,DyPdkekjtNAXZOmu8nmAR3FmcdA=
-41,-68,6HZmJocQapkFJmhsOMHNXNCVh+o=,DyPdkekjtNAXZOmu8nmAR3FmcdA=
-47,-71,6HZmJocQapkFJmhsOMHNXNCVh+o=,DyPdkekjtNAXZOmu8nmAR3FmcdA=
-48,-71,6HZmJocQapkFJmhsOMHNXNCVh+o=,DyPdkekjtNAXZOmu8nmAR3FmcdA=
-48,-67,6HZmJocQapkFJmhsOMHNXNCVh+o=,DyPdkekjtNAXZOmu8nmAR3FmcdA=
-39,-75,6HZmJocQapkFJmhsOMHNXNCVh+o=,hJBdl2JnX2buE58E7ZHnYcpk5VU=
-41,-72,6HZmJocQapkFJmhsOMHNXNCVh+o=,DyPdkekjtNAXZOmu8nmAR3FmcdA=
-42,-72,6HZmJocQapkFJmhsOMHNXNCVh+o=,DyPdkekjtNAXZOmu8nmAR3FmcdA=
-43,-72,6HZmJocQapkFJmhsOMHNXNCVh+o=,DyPdkekjtNAXZOmu8nmAR3FmcdA=
-44,-72,6HZmJocQapkFJmhsOMHNXNCVh+o=,DyPdkekjtNAXZOmu8nmAR3FmcdA=
-45,-72,6HZmJocQapkFJmhsOMHNXNCVh+o=,DyPdkekjtNAXZOmu8nmAR3FmcdA=
-40,-66,6HZmJocQapkFJmhsOMHNXNCVh+o=,jiKdyUXkK9i3lEjlHwgpXX5EGO0=
-46,-72,6HZmJocQapkFJmhsOMHNXNCVh+o=,DyPdkekjtNAXZOmu8nmAR3FmcdA=
-47,-72,6HZmJocQapkFJmhsOMHNXNCVh+o=,DyPdkekjtNAXZOmu8nmAR3FmcdA=
-38,-75,6HZmJocQapkFJmhsOMHNXNCVh+o=,hJBdl2JnX2buE58E7ZHnYcpk5VU=
-40,-75,6HZmJocQapkFJmhsOMHNXNCVh+o=,hJBdl2JnX2buE58E7ZHnYcpk5VU=
-48,-72,6HZmJocQapkFJmhsOMHNXNCVh+o=,DyPdkekjtNAXZOmu8nmAR3FmcdA=
-38,-73,6HZmJocQapkFJmhsOMHNXNCVh+o=,hJBdl2JnX2buE58E7ZHnYcpk5VU=
-43,-68,6HZmJocQapkFJmhsOMHNXNCVh+o=,DyPdkekjtNAXZOmu8nmAR3FmcdA=
-41,-73,6HZmJocQapkFJmhsOMHNXNCVh+o=,Btu0yo86JW2ZJ+IL3Pzck3QOB60=
-42,-73,6HZmJocQapkFJmhsOMHNXNCVh+o=,Btu0yo86JW2ZJ+IL3Pzck3QOB60=
-43,-73,6HZmJocQapkFJmhsOMHNXNCVh+o=,Btu0yo86JW2ZJ+IL3Pzck3QOB60=
-44,-73,6HZmJocQapkFJmhsOMHNXNCVh+o=,Btu0yo86JW2ZJ+IL3Pzck3QOB60=
-45,-73,6HZmJocQapkFJmhsOMHNXNCVh+o=,Btu0yo86JW2ZJ+IL3Pzck3QOB60=
-46,-73,6HZmJocQapkFJmhsOMHNXNCVh+o=,Btu0yo86JW2ZJ+IL3Pzck3QOB60=
-47,-73,6HZmJocQapkFJmhsOMHNXNCVh+o=,Btu0yo86JW2ZJ+IL3Pzck3QOB60=
-48,-73,6HZmJocQapkFJmhsOMHNXNCVh+o=,Btu0yo86JW2ZJ+IL3Pzck3QOB60=
-41,-74,6HZmJocQapkFJmhsOMHNXNCVh+o=,Btu0yo86JW2ZJ+IL3Pzck3QOB60=
-42,-74,6HZmJocQapkFJmhsOMHNXNCVh+o=,Btu0yo86JW2ZJ+IL3Pzck3QOB60=
-39,-70,6HZmJocQapkFJmhsOMHNXNCVh+o=,jiKdyUXkK9i3lEjlHwgpXX5EGO0=
-43,-74,6HZmJocQapkFJmhsOMHNXNCVh+o=,Btu0yo86JW2ZJ+IL3Pzck3QOB60=
-43,-66,6HZmJocQapkFJmhsOMHNXNCVh+o=,DyPdkekjtNAXZOmu8nmAR3FmcdA=
-42,-68,6HZmJocQapkFJmhsOMHNXNCVh+o=,DyPdkekjtNAXZOmu8nmAR3FmcdA=
-40,-70,6HZmJocQapkFJmhsOMHNXNCVh+o=,jiKdyUXkK9i3lEjlHwgpXX5EGO0=
-38,-67,6HZmJocQapkFJmhsOMHNXNCVh+o=,jiKdyUXkK9i3lEjlHwgpXX5EGO0=
-44,-68,6HZmJocQapkFJmhsOMHNXNCVh+o=,DyPdkekjtNAXZOmu8nmAR3FmcdA=
-45,-68,6HZmJocQapkFJmhsOMHNXNCVh+o=,DyPdkekjtNAXZOmu8nmAR3FmcdA=
-44,-66,6HZmJocQapkFJmhsOMHNXNCVh+o=,DyPdkekjtNAXZOmu8nmAR3FmcdA=
-39,-67,6HZmJocQapkFJmhsOMHNXNCVh+o=,jiKdyUXkK9i3lEjlHwgpXX5EGO0=
-45,-66,6HZmJocQapkFJmhsOMHNXNCVh+o=,DyPdkekjtNAXZOmu8nmAR3FmcdA=
-42,-65,6HZmJocQapkFJmhsOMHNXNCVh+o=,DyPdkekjtNAXZOmu8nmAR3FmcdA=
-44,-74,6HZmJocQapkFJmhsOMHNXNCVh+o=,Btu0yo86JW2ZJ+IL3Pzck3QOB60=
-45,-74,6HZmJocQapkFJmhsOMHNXNCVh+o=,Btu0yo86JW2ZJ+IL3Pzck3QOB60=
-46,-74,6HZmJocQapkFJmhsOMHNXNCVh+o=,Btu0yo86JW2ZJ+IL3Pzck3QOB60=
-40,-67,6HZmJocQapkFJmhsOMHNXNCVh+o=,jiKdyUXkK9i3lEjlHwgpXX5EGO0=
-47,-74,6HZmJocQapkFJmhsOMHNXNCVh+o=,Btu0yo86JW2ZJ+IL3Pzck3QOB60=
-48,-74,6HZmJocQapkFJmhsOMHNXNCVh+o=,Btu0yo86JW2ZJ+IL3Pzck3QOB60=
-41,-75,6HZmJocQapkFJmhsOMHNXNCVh+o=,Btu0yo86JW2ZJ+IL3Pzck3QOB60=
-46,-68,6HZmJocQapkFJmhsOMHNXNCVh+o=,DyPdkekjtNAXZOmu8nmAR3FmcdA=
-47,-68,6HZmJocQapkFJmhsOMHNXNCVh+o=,DyPdkekjtNAXZOmu8nmAR3FmcdA=
-42,-75,6HZmJocQapkFJmhsOMHNXNCVh+o=,Btu0yo86JW2ZJ+IL3Pzck3QOB60=
-43,-65,6HZmJocQapkFJmhsOMHNXNCVh+o=,DyPdkekjtNAXZOmu8nmAR3FmcdA=
-43,-75,6HZmJocQapkFJmhsOMHNXNCVh+o=,Btu0yo86JW2ZJ+IL3Pzck3QOB60=
-44,-75,6HZmJocQapkFJmhsOMHNXNCVh+o=,Btu0yo86JW2ZJ+IL3Pzck3QOB60=
-45,-75,6HZmJocQapkFJmhsOMHNXNCVh+o=,Btu0yo86JW2ZJ+IL3Pzck3QOB60=
-46,-75,6HZmJocQapkFJmhsOMHNXNCVh+o=,Btu0yo86JW2ZJ+IL3Pzck3QOB60=
-38,-71,6HZmJocQapkFJmhsOMHNXNCVh+o=,jiKdyUXkK9i3lEjlHwgpXX5EGO0=
-46,-66,6HZmJocQapkFJmhsOMHNXNCVh+o=,DyPdkekjtNAXZOmu8nmAR3FmcdA=
-47,-66,6HZmJocQapkFJmhsOMHNXNCVh+o=,DyPdkekjtNAXZOmu8nmAR3FmcdA=
-47,-75,6HZmJocQapkFJmhsOMHNXNCVh+o=,Btu0yo86JW2ZJ+IL3Pzck3QOB60=
-48,-68,6HZmJocQapkFJmhsOMHNXNCVh+o=,DyPdkekjtNAXZOmu8nmAR3FmcdA=
-41,-69,6HZmJocQapkFJmhsOMHNXNCVh+o=,DyPdkekjtNAXZOmu8nmAR3FmcdA=
-48,-66,6HZmJocQapkFJmhsOMHNXNCVh+o=,DyPdkekjtNAXZOmu8nmAR3FmcdA=
-48,-75,6HZmJocQapkFJmhsOMHNXNCVh+o=,Btu0yo86JW2ZJ+IL3Pzck3QOB60=
-41,-67,6HZmJocQapkFJmhsOMHNXNCVh+o=,DyPdkekjtNAXZOmu8nmAR3FmcdA=
-44,-65,6HZmJocQapkFJmhsOMHNXNCVh+o=,DyPdkekjtNAXZOmu8nmAR3FmcdA=
-39,-73,6HZmJocQapkFJmhsOMHNXNCVh+o=,hJBdl2JnX2buE58E7ZHnYcpk5VU=
-40,-73,6HZmJocQapkFJmhsOMHNXNCVh+o=,hJBdl2JnX2buE58E7ZHnYcpk5VU=
-38,-72,6HZmJocQapkFJmhsOMHNXNCVh+o=,jiKdyUXkK9i3lEjlHwgpXX5EGO0=
-39,-72,6HZmJocQapkFJmhsOMHNXNCVh+o=,jiKdyUXkK9i3lEjlHwgpXX5EGO0=
-42,-67,6HZmJocQapkFJmhsOMHNXNCVh+o=,DyPdkekjtNAXZOmu8nmAR3FmcdA=
-43,-67,6HZmJocQapkFJmhsOMHNXNCVh+o=,DyPdkekjtNAXZOmu8nmAR3FmcdA=
-42,-69,6HZmJocQapkFJmhsOMHNXNCVh+o=,DyPdkekjtNAXZOmu8nmAR3FmcdA=
-43,-69,6HZmJocQapkFJmhsOMHNXNCVh+o=,DyPdkekjtNAXZOmu8nmAR3FmcdA=
-44,-67,6HZmJocQapkFJmhsOMHNXNCVh+o=,DyPdkekjtNAXZOmu8nmAR3FmcdA=
-40,-72,6HZmJocQapkFJmhsOMHNXNCVh+o=,jiKdyUXkK9i3lEjlHwgpXX5EGO0=
-38,-74,6HZmJocQapkFJmhsOMHNXNCVh+o=,hJBdl2JnX2buE58E7ZHnYcpk5VU=
-53,-77,ikTcWI+aChcz0ZFme9tN6WBfFTI=,VnfqRpT9vOc0FUn/ity/yq1OZ8s=
-52,-77,ikTcWI+aChcz0ZFme9tN6WBfFTI=,VnfqRpT9vOc0FUn/ity/yq1OZ8s=
-53,-76,ikTcWI+aChcz0ZFme9tN6WBfFTI=,VnfqRpT9vOc0FUn/ity/yq1OZ8s=
-52,-76,ikTcWI+aChcz0ZFme9tN6WBfFTI=,VnfqRpT9vOc0FUn/ity/yq1OZ8s=
-61,-77,VrsbbvnuOFhs1fXn4QEovkZH5zI=,DE5gF1ZZjmXirqEd68VVSLkE2CM=
-60,-77,VrsbbvnuOFhs1fXn4QEovkZH5zI=,DE5gF1ZZjmXirqEd68VVSLkE2CM=
-59,-77,VrsbbvnuOFhs1fXn4QEovkZH5zI=,DE5gF1ZZjmXirqEd68VVSLkE2CM=
-58,-77,VrsbbvnuOFhs1fXn4QEovkZH5zI=,DE5gF1ZZjmXirqEd68VVSLkE2CM=
-57,-77,VrsbbvnuOFhs1fXn4QEovkZH5zI=,DE5gF1ZZjmXirqEd68VVSLkE2CM=
-61,-76,VrsbbvnuOFhs1fXn4QEovkZH5zI=,DE5gF1ZZjmXirqEd68VVSLkE2CM=
-60,-76,VrsbbvnuOFhs1fXn4QEovkZH5zI=,DE5gF1ZZjmXirqEd68VVSLkE2CM=
-59,-76,VrsbbvnuOFhs1fXn4QEovkZH5zI=,DE5gF1ZZjmXirqEd68VVSLkE2CM=
-58,-76,3QYvBhpunwfBNg1fTV+g0BgZ59M=,DE5gF1ZZjmXirqEd68VVSLkE2CM=
-61,-80,3QYvBhpunwfBNg1fTV+g0BgZ59M=,DE5gF1ZZjmXirqEd68VVSLkE2CM=
-60,-80,3QYvBhpunwfBNg1fTV+g0BgZ59M=,DE5gF1ZZjmXirqEd68VVSLkE2CM=
-57,-76,3QYvBhpunwfBNg1fTV+g0BgZ59M=,DE5gF1ZZjmXirqEd68VVSLkE2CM=
-56,-77,3QYvBhpunwfBNg1fTV+g0BgZ59M=,VnfqRpT9vOc0FUn/ity/yq1OZ8s=
-55,-77,3QYvBhpunwfBNg1fTV+g0BgZ59M=,VnfqRpT9vOc0FUn/ity/yq1OZ8s=
-54,-77,3QYvBhpunwfBNg1fTV+g0BgZ59M=,VnfqRpT9vOc0FUn/ity/yq1OZ8s=
-61,-79,3QYvBhpunwfBNg1fTV+g0BgZ59M=,DE5gF1ZZjmXirqEd68VVSLkE2CM=
-60,-79,3QYvBhpunwfBNg1fTV+g0BgZ59M=,DE5gF1ZZjmXirqEd68VVSLkE2CM=
-56,-76,3QYvBhpunwfBNg1fTV+g0BgZ59M=,VnfqRpT9vOc0FUn/ity/yq1OZ8s=
-54,-76,3QYvBhpunwfBNg1fTV+g0BgZ59M=,VnfqRpT9vOc0FUn/ity/yq1OZ8s=
-61,-78,3QYvBhpunwfBNg1fTV+g0BgZ59M=,DE5gF1ZZjmXirqEd68VVSLkE2CM=
-60,-78,3QYvBhpunwfBNg1fTV+g0BgZ59M=,DE5gF1ZZjmXirqEd68VVSLkE2CM=
-55,-76,3QYvBhpunwfBNg1fTV+g0BgZ59M=,VnfqRpT9vOc0FUn/ity/yq1OZ8s=
-51,-77,7GtzmEbDxQNkvOymZiGFr3qfy7c=,VnfqRpT9vOc0FUn/ity/yq1OZ8s=
-50,-77,7GtzmEbDxQNkvOymZiGFr3qfy7c=,VnfqRpT9vOc0FUn/ity/yq1OZ8s=
-49,-77,7GtzmEbDxQNkvOymZiGFr3qfy7c=,VnfqRpT9vOc0FUn/ity/yq1OZ8s=
-51,-76,7GtzmEbDxQNkvOymZiGFr3qfy7c=,VnfqRpT9vOc0FUn/ity/yq1OZ8s=
-50,-76,7GtzmEbDxQNkvOymZiGFr3qfy7c=,VnfqRpT9vOc0FUn/ity/yq1OZ8s=
-49,-76,7GtzmEbDxQNkvOymZiGFr3qfy7c=,VnfqRpT9vOc0FUn/ity/yq1OZ8s=
-64,-77,TG2Z4MoyeTJTTxqU/E27dGCJ9Pw=,DE5gF1ZZjmXirqEd68VVSLkE2CM=
-63,-77,TG2Z4MoyeTJTTxqU/E27dGCJ9Pw=,DE5gF1ZZjmXirqEd68VVSLkE2CM=
-62,-77,TG2Z4MoyeTJTTxqU/E27dGCJ9Pw=,DE5gF1ZZjmXirqEd68VVSLkE2CM=
-64,-76,TG2Z4MoyeTJTTxqU/E27dGCJ9Pw=,DE5gF1ZZjmXirqEd68VVSLkE2CM=
-63,-76,TG2Z4MoyeTJTTxqU/E27dGCJ9Pw=,DE5gF1ZZjmXirqEd68VVSLkE2CM=
-62,-76,TG2Z4MoyeTJTTxqU/E27dGCJ9Pw=,DE5gF1ZZjmXirqEd68VVSLkE2CM=
-64,-80,Q+eFjqJVu0dRPHbWh7qD6xALQmw=,DE5gF1ZZjmXirqEd68VVSLkE2CM=
-63,-80,Q+eFjqJVu0dRPHbWh7qD6xALQmw=,DE5gF1ZZjmXirqEd68VVSLkE2CM=
-62,-80,Q+eFjqJVu0dRPHbWh7qD6xALQmw=,DE5gF1ZZjmXirqEd68VVSLkE2CM=
-64,-79,Q+eFjqJVu0dRPHbWh7qD6xALQmw=,DE5gF1ZZjmXirqEd68VVSLkE2CM=
-63,-79,Q+eFjqJVu0dRPHbWh7qD6xALQmw=,DE5gF1ZZjmXirqEd68VVSLkE2CM=
-62,-79,Q+eFjqJVu0dRPHbWh7qD6xALQmw=,DE5gF1ZZjmXirqEd68VVSLkE2CM=
-64,-78,Q+eFjqJVu0dRPHbWh7qD6xALQmw=,DE5gF1ZZjmXirqEd68VVSLkE2CM=
-63,-78,Q+eFjqJVu0dRPHbWh7qD6xALQmw=,DE5gF1ZZjmXirqEd68VVSLkE2CM=
-62,-78,Q+eFjqJVu0dRPHbWh7qD6xALQmw=,DE5gF1ZZjmXirqEd68VVSLkE2CM=
-58,-78,z1LP1dy2QxQ4chGYoDwzw4vGi0Y=,DE5gF1ZZjmXirqEd68VVSLkE2CM=
-57,-78,z1LP1dy2QxQ4chGYoDwzw4vGi0Y=,DE5gF1ZZjmXirqEd68VVSLkE2CM=
-56,-80,z1LP1dy2QxQ4chGYoDwzw4vGi0Y=,VnfqRpT9vOc0FUn/ity/yq1OZ8s=
-55,-80,z1LP1dy2QxQ4chGYoDwzw4vGi0Y=,VnfqRpT9vOc0FUn/ity/yq1OZ8s=
-54,-80,z1LP1dy2QxQ4chGYoDwzw4vGi0Y=,VnfqRpT9vOc0FUn/ity/yq1OZ8s=
-53,-80,z1LP1dy2QxQ4chGYoDwzw4vGi0Y=,VnfqRpT9vOc0FUn/ity/yq1OZ8s=
-52,-80,z1LP1dy2QxQ4chGYoDwzw4vGi0Y=,VnfqRpT9vOc0FUn/ity/yq1OZ8s=
-59,-80,z1LP1dy2QxQ4chGYoDwzw4vGi0Y=,DE5gF1ZZjmXirqEd68VVSLkE2CM=
-58,-80,z1LP1dy2QxQ4chGYoDwzw4vGi0Y=,DE5gF1ZZjmXirqEd68VVSLkE2CM=
-52,-78,z1LP1dy2QxQ4chGYoDwzw4vGi0Y=,VnfqRpT9vOc0FUn/ity/yq1OZ8s=
-57,-80,z1LP1dy2QxQ4chGYoDwzw4vGi0Y=,DE5gF1ZZjmXirqEd68VVSLkE2CM=
-51,-80,z1LP1dy2QxQ4chGYoDwzw4vGi0Y=,VnfqRpT9vOc0FUn/ity/yq1OZ8s=
-50,-80,z1LP1dy2QxQ4chGYoDwzw4vGi0Y=,VnfqRpT9vOc0FUn/ity/yq1OZ8s=
-49,-80,z1LP1dy2QxQ4chGYoDwzw4vGi0Y=,VnfqRpT9vOc0FUn/ity/yq1OZ8s=
-51,-78,z1LP1dy2QxQ4chGYoDwzw4vGi0Y=,VnfqRpT9vOc0FUn/ity/yq1OZ8s=
-50,-78,z1LP1dy2QxQ4chGYoDwzw4vGi0Y=,VnfqRpT9vOc0FUn/ity/yq1OZ8s=
-49,-78,z1LP1dy2QxQ4chGYoDwzw4vGi0Y=,VnfqRpT9vOc0FUn/ity/yq1OZ8s=
-51,-79,z1LP1dy2QxQ4chGYoDwzw4vGi0Y=,VnfqRpT9vOc0FUn/ity/yq1OZ8s=
-50,-79,z1LP1dy2QxQ4chGYoDwzw4vGi0Y=,VnfqRpT9vOc0FUn/ity/yq1OZ8s=
-49,-79,z1LP1dy2QxQ4chGYoDwzw4vGi0Y=,VnfqRpT9vOc0FUn/ity/yq1OZ8s=
-56,-79,z1LP1dy2QxQ4chGYoDwzw4vGi0Y=,VnfqRpT9vOc0FUn/ity/yq1OZ8s=
-55,-79,z1LP1dy2QxQ4chGYoDwzw4vGi0Y=,VnfqRpT9vOc0FUn/ity/yq1OZ8s=
-54,-79,z1LP1dy2QxQ4chGYoDwzw4vGi0Y=,VnfqRpT9vOc0FUn/ity/yq1OZ8s=
-53,-79,z1LP1dy2QxQ4chGYoDwzw4vGi0Y=,VnfqRpT9vOc0FUn/ity/yq1OZ8s=
-59,-79,z1LP1dy2QxQ4chGYoDwzw4vGi0Y=,DE5gF1ZZjmXirqEd68VVSLkE2CM=
-58,-79,z1LP1dy2QxQ4chGYoDwzw4vGi0Y=,DE5gF1ZZjmXirqEd68VVSLkE2CM=
-52,-79,z1LP1dy2QxQ4chGYoDwzw4vGi0Y=,VnfqRpT9vOc0FUn/ity/yq1OZ8s=
-57,-79,z1LP1dy2QxQ4chGYoDwzw4vGi0Y=,DE5gF1ZZjmXirqEd68VVSLkE2CM=
-56,-78,z1LP1dy2QxQ4chGYoDwzw4vGi0Y=,VnfqRpT9vOc0FUn/ity/yq1OZ8s=
-55,-78,z1LP1dy2QxQ4chGYoDwzw4vGi0Y=,VnfqRpT9vOc0FUn/ity/yq1OZ8s=
-54,-78,z1LP1dy2QxQ4chGYoDwzw4vGi0Y=,VnfqRpT9vOc0FUn/ity/yq1OZ8s=
-53,-78,z1LP1dy2QxQ4chGYoDwzw4vGi0Y=,VnfqRpT9vOc0FUn/ity/yq1OZ8s=
-59,-78,z1LP1dy2QxQ4chGYoDwzw4vGi0Y=,DE5gF1ZZjmXirqEd68VVSLkE2CM=
-64,-67,cPmrLP83kZcc4+P1v1Si+8ZpDmI=,G2zo6mshrf7XDlxs3eJhmsANZmg=
-63,-67,cPmrLP83kZcc4+P1v1Si+8ZpDmI=,G2zo6mshrf7XDlxs3eJhmsANZmg=
-62,-67,cPmrLP83kZcc4+P1v1Si+8ZpDmI=,G2zo6mshrf7XDlxs3eJhmsANZmg=
-61,-67,cPmrLP83kZcc4+P1v1Si+8ZpDmI=,G2zo6mshrf7XDlxs3eJhmsANZmg=
-64,-65,cPmrLP83kZcc4+P1v1Si+8ZpDmI=,G2zo6mshrf7XDlxs3eJhmsANZmg=
-60,-70,cPmrLP83kZcc4+P1v1Si+8ZpDmI=,G2zo6mshrf7XDlxs3eJhmsANZmg=
-61,-70,cPmrLP83kZcc4+P1v1Si+8ZpDmI=,G2zo6mshrf7XDlxs3eJhmsANZmg=
-62,-70,cPmrLP83kZcc4+P1v1Si+8ZpDmI=,G2zo6mshrf7XDlxs3eJhmsANZmg=
-60,-68,cPmrLP83kZcc4+P1v1Si+8ZpDmI=,G2zo6mshrf7XDlxs3eJhmsANZmg=
-60,-66,cPmrLP83kZcc4+P1v1Si+8ZpDmI=,G2zo6mshrf7XDlxs3eJhmsANZmg=
-63,-65,cPmrLP83kZcc4+P1v1Si+8ZpDmI=,G2zo6mshrf7XDlxs3eJhmsANZmg=
-60,-67,cPmrLP83kZcc4+P1v1Si+8ZpDmI=,G2zo6mshrf7XDlxs3eJhmsANZmg=
-62,-65,cPmrLP83kZcc4+P1v1Si+8ZpDmI=,G2zo6mshrf7XDlxs3eJhmsANZmg=
-61,-65,cPmrLP83kZcc4+P1v1Si+8ZpDmI=,G2zo6mshrf7XDlxs3eJhmsANZmg=
-64,-66,cPmrLP83kZcc4+P1v1Si+8ZpDmI=,G2zo6mshrf7XDlxs3eJhmsANZmg=
-64,-75,gHoxVCq4Iu3VBa5Nn4yP+d9VNHM=,DE5gF1ZZjmXirqEd68VVSLkE2CM=
-63,-66,gHoxVCq4Iu3VBa5Nn4yP+d9VNHM=,G2zo6mshrf7XDlxs3eJhmsANZmg=
-63,-75,gHoxVCq4Iu3VBa5Nn4yP+d9VNHM=,DE5gF1ZZjmXirqEd68VVSLkE2CM=
-62,-75,gHoxVCq4Iu3VBa5Nn4yP+d9VNHM=,DE5gF1ZZjmXirqEd68VVSLkE2CM=
-61,-75,gHoxVCq4Iu3VBa5Nn4yP+d9VNHM=,DE5gF1ZZjmXirqEd68VVSLkE2CM=
-60,-75,gHoxVCq4Iu3VBa5Nn4yP+d9VNHM=,DE5gF1ZZjmXirqEd68VVSLkE2CM=
-62,-66,gHoxVCq4Iu3VBa5Nn4yP+d9VNHM=,G2zo6mshrf7XDlxs3eJhmsANZmg=
-61,-66,gHoxVCq4Iu3VBa5Nn4yP+d9VNHM=,G2zo6mshrf7XDlxs3eJhmsANZmg=
-64,-74,gHoxVCq4Iu3VBa5Nn4yP+d9VNHM=,DE5gF1ZZjmXirqEd68VVSLkE2CM=
-63,-74,gHoxVCq4Iu3VBa5Nn4yP+d9VNHM=,DE5gF1ZZjmXirqEd68VVSLkE2CM=
-62,-74,gHoxVCq4Iu3VBa5Nn4yP+d9VNHM=,DE5gF1ZZjmXirqEd68VVSLkE2CM=
-64,-69,gHoxVCq4Iu3VBa5Nn4yP+d9VNHM=,G2zo6mshrf7XDlxs3eJhmsANZmg=
-63,-69,gHoxVCq4Iu3VBa5Nn4yP+d9VNHM=,G2zo6mshrf7XDlxs3eJhmsANZmg=
-61,-74,gHoxVCq4Iu3VBa5Nn4yP+d9VNHM=,DE5gF1ZZjmXirqEd68VVSLkE2CM=
-60,-74,gHoxVCq4Iu3VBa5Nn4yP+d9VNHM=,DE5gF1ZZjmXirqEd68VVSLkE2CM=
-62,-69,gHoxVCq4Iu3VBa5Nn4yP+d9VNHM=,G2zo6mshrf7XDlxs3eJhmsANZmg=
-64,-73,gHoxVCq4Iu3VBa5Nn4yP+d9VNHM=,DE5gF1ZZjmXirqEd68VVSLkE2CM=
-63,-73,gHoxVCq4Iu3VBa5Nn4yP+d9VNHM=,DE5gF1ZZjmXirqEd68VVSLkE2CM=
-61,-69,gHoxVCq4Iu3VBa5Nn4yP+d9VNHM=,G2zo6mshrf7XDlxs3eJhmsANZmg=
-62,-73,gHoxVCq4Iu3VBa5Nn4yP+d9VNHM=,DE5gF1ZZjmXirqEd68VVSLkE2CM=
-61,-73,gHoxVCq4Iu3VBa5Nn4yP+d9VNHM=,DE5gF1ZZjmXirqEd68VVSLkE2CM=
-60,-69,gHoxVCq4Iu3VBa5Nn4yP+d9VNHM=,G2zo6mshrf7XDlxs3eJhmsANZmg=
-60,-73,gHoxVCq4Iu3VBa5Nn4yP+d9VNHM=,DE5gF1ZZjmXirqEd68VVSLkE2CM=
-60,-65,gHoxVCq4Iu3VBa5Nn4yP+d9VNHM=,G2zo6mshrf7XDlxs3eJhmsANZmg=
-64,-72,gHoxVCq4Iu3VBa5Nn4yP+d9VNHM=,G2zo6mshrf7XDlxs3eJhmsANZmg=
-63,-72,gHoxVCq4Iu3VBa5Nn4yP+d9VNHM=,G2zo6mshrf7XDlxs3eJhmsANZmg=
-62,-72,gHoxVCq4Iu3VBa5Nn4yP+d9VNHM=,G2zo6mshrf7XDlxs3eJhmsANZmg=
-61,-72,gHoxVCq4Iu3VBa5Nn4yP+d9VNHM=,G2zo6mshrf7XDlxs3eJhmsANZmg=
-60,-72,gHoxVCq4Iu3VBa5Nn4yP+d9VNHM=,G2zo6mshrf7XDlxs3eJhmsANZmg=
-64,-71,gHoxVCq4Iu3VBa5Nn4yP+d9VNHM=,G2zo6mshrf7XDlxs3eJhmsANZmg=
-63,-71,gHoxVCq4Iu3VBa5Nn4yP+d9VNHM=,G2zo6mshrf7XDlxs3eJhmsANZmg=
-62,-71,gHoxVCq4Iu3VBa5Nn4yP+d9VNHM=,G2zo6mshrf7XDlxs3eJhmsANZmg=
-61,-71,gHoxVCq4Iu3VBa5Nn4yP+d9VNHM=,G2zo6mshrf7XDlxs3eJhmsANZmg=
-64,-68,gHoxVCq4Iu3VBa5Nn4yP+d9VNHM=,G2zo6mshrf7XDlxs3eJhmsANZmg=
-63,-68,gHoxVCq4Iu3VBa5Nn4yP+d9VNHM=,G2zo6mshrf7XDlxs3eJhmsANZmg=
-60,-71,gHoxVCq4Iu3VBa5Nn4yP+d9VNHM=,G2zo6mshrf7XDlxs3eJhmsANZmg=
-64,-70,gHoxVCq4Iu3VBa5Nn4yP+d9VNHM=,G2zo6mshrf7XDlxs3eJhmsANZmg=
-63,-70,gHoxVCq4Iu3VBa5Nn4yP+d9VNHM=,G2zo6mshrf7XDlxs3eJhmsANZmg=
-62,-68,gHoxVCq4Iu3VBa5Nn4yP+d9VNHM=,G2zo6mshrf7XDlxs3eJhmsANZmg=
-61,-68,gHoxVCq4Iu3VBa5Nn4yP+d9VNHM=,G2zo6mshrf7XDlxs3eJhmsANZmg=
-58,-68,HLUCIWUdohUJIOfLWM7r6BAZRVs=,G2zo6mshrf7XDlxs3eJhmsANZmg=
-59,-70,HLUCIWUdohUJIOfLWM7r6BAZRVs=,G2zo6mshrf7XDlxs3eJhmsANZmg=
-51,-73,HLUCIWUdohUJIOfLWM7r6BAZRVs=,VnfqRpT9vOc0FUn/ity/yq1OZ8s=
-55,-67,HLUCIWUdohUJIOfLWM7r6BAZRVs=,i5r8B86pnn8GYlz0YJLTgeFHtFo=
-56,-67,HLUCIWUdohUJIOfLWM7r6BAZRVs=,i5r8B86pnn8GYlz0YJLTgeFHtFo=
-57,-65,HLUCIWUdohUJIOfLWM7r6BAZRVs=,G2zo6mshrf7XDlxs3eJhmsANZmg=
-49,-68,HLUCIWUdohUJIOfLWM7r6BAZRVs=,i5r8B86pnn8GYlz0YJLTgeFHtFo=
-58,-65,HLUCIWUdohUJIOfLWM7r6BAZRVs=,G2zo6mshrf7XDlxs3eJhmsANZmg=
-59,-66,HLUCIWUdohUJIOfLWM7r6BAZRVs=,G2zo6mshrf7XDlxs3eJhmsANZmg=
-53,-75,HLUCIWUdohUJIOfLWM7r6BAZRVs=,VnfqRpT9vOc0FUn/ity/yq1OZ8s=
-54,-75,HLUCIWUdohUJIOfLWM7r6BAZRVs=,VnfqRpT9vOc0FUn/ity/yq1OZ8s=
-55,-75,HLUCIWUdohUJIOfLWM7r6BAZRVs=,VnfqRpT9vOc0FUn/ity/yq1OZ8s=
-56,-70,HLUCIWUdohUJIOfLWM7r6BAZRVs=,i5r8B86pnn8GYlz0YJLTgeFHtFo=
-56,-75,HLUCIWUdohUJIOfLWM7r6BAZRVs=,VnfqRpT9vOc0FUn/ity/yq1OZ8s=
-53,-65,HLUCIWUdohUJIOfLWM7r6BAZRVs=,i5r8B86pnn8GYlz0YJLTgeFHtFo=
-49,-71,HLUCIWUdohUJIOfLWM7r6BAZRVs=,i5r8B86pnn8GYlz0YJLTgeFHtFo=
-55,-70,HLUCIWUdohUJIOfLWM7r6BAZRVs=,i5r8B86pnn8GYlz0YJLTgeFHtFo=
-54,-65,HLUCIWUdohUJIOfLWM7r6BAZRVs=,i5r8B86pnn8GYlz0YJLTgeFHtFo=
-56,-71,HLUCIWUdohUJIOfLWM7r6BAZRVs=,i5r8B86pnn8GYlz0YJLTgeFHtFo=
-57,-71,HLUCIWUdohUJIOfLWM7r6BAZRVs=,G2zo6mshrf7XDlxs3eJhmsANZmg=
-58,-71,HLUCIWUdohUJIOfLWM7r6BAZRVs=,G2zo6mshrf7XDlxs3eJhmsANZmg=
-59,-71,HLUCIWUdohUJIOfLWM7r6BAZRVs=,G2zo6mshrf7XDlxs3eJhmsANZmg=
-49,-72,HLUCIWUdohUJIOfLWM7r6BAZRVs=,i5r8B86pnn8GYlz0YJLTgeFHtFo=
-57,-72,HLUCIWUdohUJIOfLWM7r6BAZRVs=,G2zo6mshrf7XDlxs3eJhmsANZmg=
-57,-69,HLUCIWUdohUJIOfLWM7r6BAZRVs=,G2zo6mshrf7XDlxs3eJhmsANZmg=
-59,-68,HLUCIWUdohUJIOfLWM7r6BAZRVs=,G2zo6mshrf7XDlxs3eJhmsANZmg=
-59,-72,HLUCIWUdohUJIOfLWM7r6BAZRVs=,G2zo6mshrf7XDlxs3eJhmsANZmg=
-50,-72,HLUCIWUdohUJIOfLWM7r6BAZRVs=,i5r8B86pnn8GYlz0YJLTgeFHtFo=
-51,-68,HLUCIWUdohUJIOfLWM7r6BAZRVs=,i5r8B86pnn8GYlz0YJLTgeFHtFo=
-50,-68,HLUCIWUdohUJIOfLWM7r6BAZRVs=,i5r8B86pnn8GYlz0YJLTgeFHtFo=
-53,-68,HLUCIWUdohUJIOfLWM7r6BAZRVs=,i5r8B86pnn8GYlz0YJLTgeFHtFo=
-54,-68,HLUCIWUdohUJIOfLWM7r6BAZRVs=,i5r8B86pnn8GYlz0YJLTgeFHtFo=
-58,-72,HLUCIWUdohUJIOfLWM7r6BAZRVs=,G2zo6mshrf7XDlxs3eJhmsANZmg=
-51,-72,HLUCIWUdohUJIOfLWM7r6BAZRVs=,i5r8B86pnn8GYlz0YJLTgeFHtFo=
-52,-68,HLUCIWUdohUJIOfLWM7r6BAZRVs=,i5r8B86pnn8GYlz0YJLTgeFHtFo=
-58,-69,HLUCIWUdohUJIOfLWM7r6BAZRVs=,G2zo6mshrf7XDlxs3eJhmsANZmg=
-50,-73,HLUCIWUdohUJIOfLWM7r6BAZRVs=,VnfqRpT9vOc0FUn/ity/yq1OZ8s=
-49,-73,HLUCIWUdohUJIOfLWM7r6BAZRVs=,VnfqRpT9vOc0FUn/ity/yq1OZ8s=
-57,-68,HLUCIWUdohUJIOfLWM7r6BAZRVs=,G2zo6mshrf7XDlxs3eJhmsANZmg=
-52,-75,HLUCIWUdohUJIOfLWM7r6BAZRVs=,VnfqRpT9vOc0FUn/ity/yq1OZ8s=
-51,-75,HLUCIWUdohUJIOfLWM7r6BAZRVs=,VnfqRpT9vOc0FUn/ity/yq1OZ8s=
-50,-75,HLUCIWUdohUJIOfLWM7r6BAZRVs=,VnfqRpT9vOc0FUn/ity/yq1OZ8s=
-54,-70,HLUCIWUdohUJIOfLWM7r6BAZRVs=,i5r8B86pnn8GYlz0YJLTgeFHtFo=
-58,-66,HLUCIWUdohUJIOfLWM7r6BAZRVs=,G2zo6mshrf7XDlxs3eJhmsANZmg=
-53,-70,HLUCIWUdohUJIOfLWM7r6BAZRVs=,i5r8B86pnn8GYlz0YJLTgeFHtFo=
-54,-74,HLUCIWUdohUJIOfLWM7r6BAZRVs=,VnfqRpT9vOc0FUn/ity/yq1OZ8s=
-57,-66,HLUCIWUdohUJIOfLWM7r6BAZRVs=,G2zo6mshrf7XDlxs3eJhmsANZmg=
-49,-75,HLUCIWUdohUJIOfLWM7r6BAZRVs=,VnfqRpT9vOc0FUn/ity/yq1OZ8s=
-56,-74,HLUCIWUdohUJIOfLWM7r6BAZRVs=,VnfqRpT9vOc0FUn/ity/yq1OZ8s=
-53,-66,HLUCIWUdohUJIOfLWM7r6BAZRVs=,i5r8B86pnn8GYlz0YJLTgeFHtFo=
-52,-70,HLUCIWUdohUJIOfLWM7r6BAZRVs=,i5r8B86pnn8GYlz0YJLTgeFHtFo=
-55,-74,HLUCIWUdohUJIOfLWM7r6BAZRVs=,VnfqRpT9vOc0FUn/ity/yq1OZ8s=
-51,-70,HLUCIWUdohUJIOfLWM7r6BAZRVs=,i5r8B86pnn8GYlz0YJLTgeFHtFo=
-52,-65,HLUCIWUdohUJIOfLWM7r6BAZRVs=,i5r8B86pnn8GYlz0YJLTgeFHtFo=
-51,-65,HLUCIWUdohUJIOfLWM7r6BAZRVs=,i5r8B86pnn8GYlz0YJLTgeFHtFo=
-54,-67,HLUCIWUdohUJIOfLWM7r6BAZRVs=,i5r8B86pnn8GYlz0YJLTgeFHtFo=
-53,-74,HLUCIWUdohUJIOfLWM7r6BAZRVs=,VnfqRpT9vOc0FUn/ity/yq1OZ8s=
-52,-66,HLUCIWUdohUJIOfLWM7r6BAZRVs=,i5r8B86pnn8GYlz0YJLTgeFHtFo=
-50,-70,HLUCIWUdohUJIOfLWM7r6BAZRVs=,i5r8B86pnn8GYlz0YJLTgeFHtFo=
-53,-67,HLUCIWUdohUJIOfLWM7r6BAZRVs=,i5r8B86pnn8GYlz0YJLTgeFHtFo=
-52,-74,HLUCIWUdohUJIOfLWM7r6BAZRVs=,VnfqRpT9vOc0FUn/ity/yq1OZ8s=
-52,-67,HLUCIWUdohUJIOfLWM7r6BAZRVs=,i5r8B86pnn8GYlz0YJLTgeFHtFo=
-51,-66,HLUCIWUdohUJIOfLWM7r6BAZRVs=,i5r8B86pnn8GYlz0YJLTgeFHtFo=
-50,-65,HLUCIWUdohUJIOfLWM7r6BAZRVs=,i5r8B86pnn8GYlz0YJLTgeFHtFo=
-49,-70,HLUCIWUdohUJIOfLWM7r6BAZRVs=,i5r8B86pnn8GYlz0YJLTgeFHtFo=
-51,-67,HLUCIWUdohUJIOfLWM7r6BAZRVs=,i5r8B86pnn8GYlz0YJLTgeFHtFo=
-49,-65,HLUCIWUdohUJIOfLWM7r6BAZRVs=,i5r8B86pnn8GYlz0YJLTgeFHtFo=
-55,-71,HLUCIWUdohUJIOfLWM7r6BAZRVs=,i5r8B86pnn8GYlz0YJLTgeFHtFo=
-59,-67,HLUCIWUdohUJIOfLWM7r6BAZRVs=,G2zo6mshrf7XDlxs3eJhmsANZmg=
-54,-71,HLUCIWUdohUJIOfLWM7r6BAZRVs=,i5r8B86pnn8GYlz0YJLTgeFHtFo=
-53,-71,HLUCIWUdohUJIOfLWM7r6BAZRVs=,i5r8B86pnn8GYlz0YJLTgeFHtFo=
-58,-67,HLUCIWUdohUJIOfLWM7r6BAZRVs=,G2zo6mshrf7XDlxs3eJhmsANZmg=
-56,-69,HLUCIWUdohUJIOfLWM7r6BAZRVs=,i5r8B86pnn8GYlz0YJLTgeFHtFo=
-56,-66,HLUCIWUdohUJIOfLWM7r6BAZRVs=,i5r8B86pnn8GYlz0YJLTgeFHtFo=
-55,-66,HLUCIWUdohUJIOfLWM7r6BAZRVs=,i5r8B86pnn8GYlz0YJLTgeFHtFo=
-54,-66,sE2w5bs1fFxxk9mIm/lsy2kJTJg=,i5r8B86pnn8GYlz0YJLTgeFHtFo=
-50,-67,sE2w5bs1fFxxk9mIm/lsy2kJTJg=,i5r8B86pnn8GYlz0YJLTgeFHtFo=
-57,-67,sE2w5bs1fFxxk9mIm/lsy2kJTJg=,G2zo6mshrf7XDlxs3eJhmsANZmg=
-56,-73,sE2w5bs1fFxxk9mIm/lsy2kJTJg=,VnfqRpT9vOc0FUn/ity/yq1OZ8s=
-55,-73,sE2w5bs1fFxxk9mIm/lsy2kJTJg=,VnfqRpT9vOc0FUn/ity/yq1OZ8s=
-56,-72,sE2w5bs1fFxxk9mIm/lsy2kJTJg=,i5r8B86pnn8GYlz0YJLTgeFHtFo=
-55,-69,sE2w5bs1fFxxk9mIm/lsy2kJTJg=,i5r8B86pnn8GYlz0YJLTgeFHtFo=
-59,-75,sE2w5bs1fFxxk9mIm/lsy2kJTJg=,DE5gF1ZZjmXirqEd68VVSLkE2CM=
-54,-69,sE2w5bs1fFxxk9mIm/lsy2kJTJg=,i5r8B86pnn8GYlz0YJLTgeFHtFo=
-55,-72,sE2w5bs1fFxxk9mIm/lsy2kJTJg=,i5r8B86pnn8GYlz0YJLTgeFHtFo=
-58,-75,sE2w5bs1fFxxk9mIm/lsy2kJTJg=,DE5gF1ZZjmXirqEd68VVSLkE2CM=
-57,-75,sE2w5bs1fFxxk9mIm/lsy2kJTJg=,DE5gF1ZZjmXirqEd68VVSLkE2CM=
-53,-69,sE2w5bs1fFxxk9mIm/lsy2kJTJg=,i5r8B86pnn8GYlz0YJLTgeFHtFo=
-49,-67,sE2w5bs1fFxxk9mIm/lsy2kJTJg=,i5r8B86pnn8GYlz0YJLTgeFHtFo=
-52,-69,sE2w5bs1fFxxk9mIm/lsy2kJTJg=,i5r8B86pnn8GYlz0YJLTgeFHtFo=
-57,-70,sE2w5bs1fFxxk9mIm/lsy2kJTJg=,G2zo6mshrf7XDlxs3eJhmsANZmg=
-51,-74,sE2w5bs1fFxxk9mIm/lsy2kJTJg=,VnfqRpT9vOc0FUn/ity/yq1OZ8s=
-54,-72,sE2w5bs1fFxxk9mIm/lsy2kJTJg=,i5r8B86pnn8GYlz0YJLTgeFHtFo=
-50,-74,sE2w5bs1fFxxk9mIm/lsy2kJTJg=,VnfqRpT9vOc0FUn/ity/yq1OZ8s=
-51,-69,sE2w5bs1fFxxk9mIm/lsy2kJTJg=,i5r8B86pnn8GYlz0YJLTgeFHtFo=
-49,-74,sE2w5bs1fFxxk9mIm/lsy2kJTJg=,VnfqRpT9vOc0FUn/ity/yq1OZ8s=
-50,-66,sE2w5bs1fFxxk9mIm/lsy2kJTJg=,i5r8B86pnn8GYlz0YJLTgeFHtFo=
-58,-70,sE2w5bs1fFxxk9mIm/lsy2kJTJg=,G2zo6mshrf7XDlxs3eJhmsANZmg=
-59,-74,sE2w5bs1fFxxk9mIm/lsy2kJTJg=,DE5gF1ZZjmXirqEd68VVSLkE2CM=
-56,-65,sE2w5bs1fFxxk9mIm/lsy2kJTJg=,i5r8B86pnn8GYlz0YJLTgeFHtFo=
-50,-69,sE2w5bs1fFxxk9mIm/lsy2kJTJg=,i5r8B86pnn8GYlz0YJLTgeFHtFo=
-52,-71,sE2w5bs1fFxxk9mIm/lsy2kJTJg=,i5r8B86pnn8GYlz0YJLTgeFHtFo=
-58,-74,sE2w5bs1fFxxk9mIm/lsy2kJTJg=,DE5gF1ZZjmXirqEd68VVSLkE2CM=
-57,-74,sE2w5bs1fFxxk9mIm/lsy2kJTJg=,DE5gF1ZZjmXirqEd68VVSLkE2CM=
-54,-73,sE2w5bs1fFxxk9mIm/lsy2kJTJg=,VnfqRpT9vOc0FUn/ity/yq1OZ8s=
-59,-65,sE2w5bs1fFxxk9mIm/lsy2kJTJg=,G2zo6mshrf7XDlxs3eJhmsANZmg=
-49,-66,sE2w5bs1fFxxk9mIm/lsy2kJTJg=,i5r8B86pnn8GYlz0YJLTgeFHtFo=
-50,-71,sE2w5bs1fFxxk9mIm/lsy2kJTJg=,i5r8B86pnn8GYlz0YJLTgeFHtFo=
-55,-65,sE2w5bs1fFxxk9mIm/lsy2kJTJg=,i5r8B86pnn8GYlz0YJLTgeFHtFo=
-59,-69,sE2w5bs1fFxxk9mIm/lsy2kJTJg=,G2zo6mshrf7XDlxs3eJhmsANZmg=
-53,-73,sE2w5bs1fFxxk9mIm/lsy2kJTJg=,VnfqRpT9vOc0FUn/ity/yq1OZ8s=
-52,-73,sE2w5bs1fFxxk9mIm/lsy2kJTJg=,VnfqRpT9vOc0FUn/ity/yq1OZ8s=
-56,-68,sE2w5bs1fFxxk9mIm/lsy2kJTJg=,i5r8B86pnn8GYlz0YJLTgeFHtFo=
-51,-71,sE2w5bs1fFxxk9mIm/lsy2kJTJg=,i5r8B86pnn8GYlz0YJLTgeFHtFo=
-49,-69,sE2w5bs1fFxxk9mIm/lsy2kJTJg=,i5r8B86pnn8GYlz0YJLTgeFHtFo=
-58,-73,sE2w5bs1fFxxk9mIm/lsy2kJTJg=,DE5gF1ZZjmXirqEd68VVSLkE2CM=
-55,-68,sE2w5bs1fFxxk9mIm/lsy2kJTJg=,i5r8B86pnn8GYlz0YJLTgeFHtFo=
-57,-73,sE2w5bs1fFxxk9mIm/lsy2kJTJg=,DE5gF1ZZjmXirqEd68VVSLkE2CM=
-59,-73,sE2w5bs1fFxxk9mIm/lsy2kJTJg=,DE5gF1ZZjmXirqEd68VVSLkE2CM=
-53,-72,sE2w5bs1fFxxk9mIm/lsy2kJTJg=,i5r8B86pnn8GYlz0YJLTgeFHtFo=
-52,-72,sE2w5bs1fFxxk9mIm/lsy2kJTJg=,i5r8B86pnn8GYlz0YJLTgeFHtFo=
-61,-85,rfQqY1uq4XHG+tduuzvmu3WoGMA=,gnY4GmMQxgGNjnzJz9/ms7HNezs=
-61,-84,rfQqY1uq4XHG+tduuzvmu3WoGMA=,gnY4GmMQxgGNjnzJz9/ms7HNezs=
-63,-86,rfQqY1uq4XHG+tduuzvmu3WoGMA=,gnY4GmMQxgGNjnzJz9/ms7HNezs=
-64,-86,rfQqY1uq4XHG+tduuzvmu3WoGMA=,gnY4GmMQxgGNjnzJz9/ms7HNezs=
-57,-87,rfQqY1uq4XHG+tduuzvmu3WoGMA=,gnY4GmMQxgGNjnzJz9/ms7HNezs=
-61,-81,rfQqY1uq4XHG+tduuzvmu3WoGMA=,gnY4GmMQxgGNjnzJz9/ms7HNezs=
-64,-87,rfQqY1uq4XHG+tduuzvmu3WoGMA=,gnY4GmMQxgGNjnzJz9/ms7HNezs=
-57,-88,rfQqY1uq4XHG+tduuzvmu3WoGMA=,gnY4GmMQxgGNjnzJz9/ms7HNezs=
-58,-88,rfQqY1uq4XHG+tduuzvmu3WoGMA=,gnY4GmMQxgGNjnzJz9/ms7HNezs=
-59,-88,rfQqY1uq4XHG+tduuzvmu3WoGMA=,gnY4GmMQxgGNjnzJz9/ms7HNezs=
-60,-88,rfQqY1uq4XHG+tduuzvmu3WoGMA=,gnY4GmMQxgGNjnzJz9/ms7HNezs=
-58,-87,rfQqY1uq4XHG+tduuzvmu3WoGMA=,gnY4GmMQxgGNjnzJz9/ms7HNezs=
-61,-88,rfQqY1uq4XHG+tduuzvmu3WoGMA=,gnY4GmMQxgGNjnzJz9/ms7HNezs=
-59,-87,rfQqY1uq4XHG+tduuzvmu3WoGMA=,gnY4GmMQxgGNjnzJz9/ms7HNezs=
-60,-87,rfQqY1uq4XHG+tduuzvmu3WoGMA=,gnY4GmMQxgGNjnzJz9/ms7HNezs=
-62,-84,rfQqY1uq4XHG+tduuzvmu3WoGMA=,gnY4GmMQxgGNjnzJz9/ms7HNezs=
-63,-84,rfQqY1uq4XHG+tduuzvmu3WoGMA=,gnY4GmMQxgGNjnzJz9/ms7HNezs=
-62,-88,rfQqY1uq4XHG+tduuzvmu3WoGMA=,gnY4GmMQxgGNjnzJz9/ms7HNezs=
-61,-87,rfQqY1uq4XHG+tduuzvmu3WoGMA=,gnY4GmMQxgGNjnzJz9/ms7HNezs=
-63,-88,rfQqY1uq4XHG+tduuzvmu3WoGMA=,gnY4GmMQxgGNjnzJz9/ms7HNezs=
-62,-87,rfQqY1uq4XHG+tduuzvmu3WoGMA=,gnY4GmMQxgGNjnzJz9/ms7HNezs=
-63,-87,rfQqY1uq4XHG+tduuzvmu3WoGMA=,gnY4GmMQxgGNjnzJz9/ms7HNezs=
-62,-81,rfQqY1uq4XHG+tduuzvmu3WoGMA=,gnY4GmMQxgGNjnzJz9/ms7HNezs=
-63,-81,rfQqY1uq4XHG+tduuzvmu3WoGMA=,gnY4GmMQxgGNjnzJz9/ms7HNezs=
-64,-81,rfQqY1uq4XHG+tduuzvmu3WoGMA=,gnY4GmMQxgGNjnzJz9/ms7HNezs=
-57,-82,rfQqY1uq4XHG+tduuzvmu3WoGMA=,gnY4GmMQxgGNjnzJz9/ms7HNezs=
-62,-85,rfQqY1uq4XHG+tduuzvmu3WoGMA=,gnY4GmMQxgGNjnzJz9/ms7HNezs=
-63,-85,rfQqY1uq4XHG+tduuzvmu3WoGMA=,gnY4GmMQxgGNjnzJz9/ms7HNezs=
-64,-85,rfQqY1uq4XHG+tduuzvmu3WoGMA=,gnY4GmMQxgGNjnzJz9/ms7HNezs=
-58,-82,rfQqY1uq4XHG+tduuzvmu3WoGMA=,gnY4GmMQxgGNjnzJz9/ms7HNezs=
-59,-82,rfQqY1uq4XHG+tduuzvmu3WoGMA=,gnY4GmMQxgGNjnzJz9/ms7HNezs=
-60,-82,rfQqY1uq4XHG+tduuzvmu3WoGMA=,gnY4GmMQxgGNjnzJz9/ms7HNezs=
-61,-82,rfQqY1uq4XHG+tduuzvmu3WoGMA=,gnY4GmMQxgGNjnzJz9/ms7HNezs=
-62,-82,rfQqY1uq4XHG+tduuzvmu3WoGMA=,gnY4GmMQxgGNjnzJz9/ms7HNezs=
-63,-82,rfQqY1uq4XHG+tduuzvmu3WoGMA=,gnY4GmMQxgGNjnzJz9/ms7HNezs=
-57,-86,rfQqY1uq4XHG+tduuzvmu3WoGMA=,gnY4GmMQxgGNjnzJz9/ms7HNezs=
-58,-86,rfQqY1uq4XHG+tduuzvmu3WoGMA=,gnY4GmMQxgGNjnzJz9/ms7HNezs=
-59,-86,rfQqY1uq4XHG+tduuzvmu3WoGMA=,gnY4GmMQxgGNjnzJz9/ms7HNezs=
-64,-82,rfQqY1uq4XHG+tduuzvmu3WoGMA=,gnY4GmMQxgGNjnzJz9/ms7HNezs=
-57,-83,rfQqY1uq4XHG+tduuzvmu3WoGMA=,gnY4GmMQxgGNjnzJz9/ms7HNezs=
-58,-83,rfQqY1uq4XHG+tduuzvmu3WoGMA=,gnY4GmMQxgGNjnzJz9/ms7HNezs=
-59,-83,rfQqY1uq4XHG+tduuzvmu3WoGMA=,gnY4GmMQxgGNjnzJz9/ms7HNezs=
-60,-83,rfQqY1uq4XHG+tduuzvmu3WoGMA=,gnY4GmMQxgGNjnzJz9/ms7HNezs=
-60,-86,rfQqY1uq4XHG+tduuzvmu3WoGMA=,gnY4GmMQxgGNjnzJz9/ms7HNezs=
-61,-86,rfQqY1uq4XHG+tduuzvmu3WoGMA=,gnY4GmMQxgGNjnzJz9/ms7HNezs=
-62,-86,rfQqY1uq4XHG+tduuzvmu3WoGMA=,gnY4GmMQxgGNjnzJz9/ms7HNezs=
-61,-83,rfQqY1uq4XHG+tduuzvmu3WoGMA=,gnY4GmMQxgGNjnzJz9/ms7HNezs=
-62,-83,rfQqY1uq4XHG+tduuzvmu3WoGMA=,gnY4GmMQxgGNjnzJz9/ms7HNezs=
-63,-83,rfQqY1uq4XHG+tduuzvmu3WoGMA=,gnY4GmMQxgGNjnzJz9/ms7HNezs=
-64,-83,rfQqY1uq4XHG+tduuzvmu3WoGMA=,gnY4GmMQxgGNjnzJz9/ms7HNezs=
-57,-84,rfQqY1uq4XHG+tduuzvmu3WoGMA=,gnY4GmMQxgGNjnzJz9/ms7HNezs=
-58,-84,rfQqY1uq4XHG+tduuzvmu3WoGMA=,gnY4GmMQxgGNjnzJz9/ms7HNezs=
-57,-81,rfQqY1uq4XHG+tduuzvmu3WoGMA=,gnY4GmMQxgGNjnzJz9/ms7HNezs=
-58,-81,rfQqY1uq4XHG+tduuzvmu3WoGMA=,gnY4GmMQxgGNjnzJz9/ms7HNezs=
-64,-84,rfQqY1uq4XHG+tduuzvmu3WoGMA=,gnY4GmMQxgGNjnzJz9/ms7HNezs=
-64,-88,rfQqY1uq4XHG+tduuzvmu3WoGMA=,gnY4GmMQxgGNjnzJz9/ms7HNezs=
-59,-84,rfQqY1uq4XHG+tduuzvmu3WoGMA=,gnY4GmMQxgGNjnzJz9/ms7HNezs=
-59,-81,rfQqY1uq4XHG+tduuzvmu3WoGMA=,gnY4GmMQxgGNjnzJz9/ms7HNezs=
-60,-84,rfQqY1uq4XHG+tduuzvmu3WoGMA=,gnY4GmMQxgGNjnzJz9/ms7HNezs=
-57,-85,rfQqY1uq4XHG+tduuzvmu3WoGMA=,gnY4GmMQxgGNjnzJz9/ms7HNezs=
-60,-81,rfQqY1uq4XHG+tduuzvmu3WoGMA=,gnY4GmMQxgGNjnzJz9/ms7HNezs=
-58,-85,rfQqY1uq4XHG+tduuzvmu3WoGMA=,gnY4GmMQxgGNjnzJz9/ms7HNezs=
-59,-85,rfQqY1uq4XHG+tduuzvmu3WoGMA=,gnY4GmMQxgGNjnzJz9/ms7HNezs=
-60,-85,rfQqY1uq4XHG+tduuzvmu3WoGMA=,gnY4GmMQxgGNjnzJz9/ms7HNezs=
