35,70,EieRQNjq1gP5FschMknO5P/tMyQ=,Yhhr/9ybAonwZg7dF4l75Jsvo0U=
35,69,EieRQNjq1gP5FschMknO5P/tMyQ=,Yhhr/9ybAonwZg7dF4l75Jsvo0U=
36,69,EieRQNjq1gP5FschMknO5P/tMyQ=,Yhhr/9ybAonwZg7dF4l75Jsvo0U=
36,70,EieRQNjq1gP5FschMknO5P/tMyQ=,Yhhr/9ybAonwZg7dF4l75Jsvo0U=
35,67,EieRQNjq1gP5FschMknO5P/tMyQ=,Yhhr/9ybAonwZg7dF4l75Jsvo0U=
36,67,EieRQNjq1gP5FschMknO5P/tMyQ=,Yhhr/9ybAonwZg7dF4l75Jsvo0U=
37,67,EieRQNjq1gP5FschMknO5P/tMyQ=,Yhhr/9ybAonwZg7dF4l75Jsvo0U=
38,67,EieRQNjq1gP5FschMknO5P/tMyQ=,Yhhr/9ybAonwZg7dF4l75Jsvo0U=
39,67,EieRQNjq1gP5FschMknO5P/tMyQ=,Yhhr/9ybAonwZg7dF4l75Jsvo0U=
35,68,EieRQNjq1gP5FschMknO5P/tMyQ=,Yhhr/9ybAonwZg7dF4l75Jsvo0U=
36,68,3RYtgtCYTIJqIQ1cvUxl1bJxva4=,Yhhr/9ybAonwZg7dF4l75Jsvo0U=
35,71,3RYtgtCYTIJqIQ1cvUxl1bJxva4=,Yhhr/9ybAonwZg7dF4l75Jsvo0U=
37,68,3RYtgtCYTIJqIQ1cvUxl1bJxva4=,Yhhr/9ybAonwZg7dF4l75Jsvo0U=
36,71,3RYtgtCYTIJqIQ1cvUxl1bJxva4=,Yhhr/9ybAonwZg7dF4l75Jsvo0U=
38,68,3RYtgtCYTIJqIQ1cvUxl1bJxva4=,Yhhr/9ybAonwZg7dF4l75Jsvo0U=
39,68,3RYtgtCYTIJqIQ1cvUxl1bJxva4=,Yhhr/9ybAonwZg7dF4l75Jsvo0U=
37,70,3RYtgtCYTIJqIQ1cvUxl1bJxva4=,Yhhr/9ybAonwZg7dF4l75Jsvo0U=
38,70,3RYtgtCYTIJqIQ1cvUxl1bJxva4=,Yhhr/9ybAonwZg7dF4l75Jsvo0U=
37,69,3RYtgtCYTIJqIQ1cvUxl1bJxva4=,Yhhr/9ybAonwZg7dF4l75Jsvo0U=
35,65,3RYtgtCYTIJqIQ1cvUxl1bJxva4=,Yhhr/9ybAonwZg7dF4l75Jsvo0U=
35,66,3RYtgtCYTIJqIQ1cvUxl1bJxva4=,Yhhr/9ybAonwZg7dF4l75Jsvo0U=
36,66,3RYtgtCYTIJqIQ1cvUxl1bJxva4=,Yhhr/9ybAonwZg7dF4l75Jsvo0U=
36,65,3RYtgtCYTIJqIQ1cvUxl1bJxva4=,Yhhr/9ybAonwZg7dF4l75Jsvo0U=
35,64,3RYtgtCYTIJqIQ1cvUxl1bJxva4=,Yhhr/9ybAonwZg7dF4l75Jsvo0U=
36,64,3RYtgtCYTIJqIQ1cvUxl1bJxva4=,Yhhr/9ybAonwZg7dF4l75Jsvo0U=
38,69,3RYtgtCYTIJqIQ1cvUxl1bJxva4=,Yhhr/9ybAonwZg7dF4l75Jsvo0U=
39,69,3RYtgtCYTIJqIQ1cvUxl1bJxva4=,Yhhr/9ybAonwZg7dF4l75Jsvo0U=
39,70,3RYtgtCYTIJqIQ1cvUxl1bJxva4=,Yhhr/9ybAonwZg7dF4l75Jsvo0U=
37,71,3RYtgtCYTIJqIQ1cvUxl1bJxva4=,Yhhr/9ybAonwZg7dF4l75Jsvo0U=
38,71,3RYtgtCYTIJqIQ1cvUxl1bJxva4=,Yhhr/9ybAonwZg7dF4l75Jsvo0U=
39,71,3RYtgtCYTIJqIQ1cvUxl1bJxva4=,Yhhr/9ybAonwZg7dF4l75Jsvo0U=
37,66,3RYtgtCYTIJqIQ1cvUxl1bJxva4=,Yhhr/9ybAonwZg7dF4l75Jsvo0U=
37,65,3RYtgtCYTIJqIQ1cvUxl1bJxva4=,Yhhr/9ybAonwZg7dF4l75Jsvo0U=
38,66,3RYtgtCYTIJqIQ1cvUxl1bJxva4=,Yhhr/9ybAonwZg7dF4l75Jsvo0U=
38,65,3RYtgtCYTIJqIQ1cvUxl1bJxva4=,Yhhr/9ybAonwZg7dF4l75Jsvo0U=
39,66,3RYtgtCYTIJqIQ1cvUxl1bJxva4=,Yhhr/9ybAonwZg7dF4l75Jsvo0U=
37,64,3RYtgtCYTIJqIQ1cvUxl1bJxva4=,Yhhr/9ybAonwZg7dF4l75Jsvo0U=
38,64,3RYtgtCYTIJqIQ1cvUxl1bJxva4=,Yhhr/9ybAonwZg7dF4l75Jsvo0U=
39,64,3RYtgtCYTIJqIQ1cvUxl1bJxva4=,Yhhr/9ybAonwZg7dF4l75Jsvo0U=
39,65,3RYtgtCYTIJqIQ1cvUxl1bJxva4=,Yhhr/9ybAonwZg7dF4l75Jsvo0U=
34,69,3RYtgtCYTIJqIQ1cvUxl1bJxva4=,Yhhr/9ybAonwZg7dF4l75Jsvo0U=
32,67,3RYtgtCYTIJqIQ1cvUxl1bJxva4=,Yhhr/9ybAonwZg7dF4l75Jsvo0U=
32,70,3RYtgtCYTIJqIQ1cvUxl1bJxva4=,Yhhr/9ybAonwZg7dF4l75Jsvo0U=
33,67,3RYtgtCYTIJqIQ1cvUxl1bJxva4=,Yhhr/9ybAonwZg7dF4l75Jsvo0U=
34,67,3RYtgtCYTIJqIQ1cvUxl1bJxva4=,Yhhr/9ybAonwZg7dF4l75Jsvo0U=
33,70,3RYtgtCYTIJqIQ1cvUxl1bJxva4=,Yhhr/9ybAonwZg7dF4l75Jsvo0U=
32,68,3RYtgtCYTIJqIQ1cvUxl1bJxva4=,Yhhr/9ybAonwZg7dF4l75Jsvo0U=
33,68,3RYtgtCYTIJqIQ1cvUxl1bJxva4=,Yhhr/9ybAonwZg7dF4l75Jsvo0U=
33,71,3RYtgtCYTIJqIQ1cvUxl1bJxva4=,Yhhr/9ybAonwZg7dF4l75Jsvo0U=
34,68,3RYtgtCYTIJqIQ1cvUxl1bJxva4=,Yhhr/9ybAonwZg7dF4l75Jsvo0U=
34,71,3RYtgtCYTIJqIQ1cvUxl1bJxva4=,Yhhr/9ybAonwZg7dF4l75Jsvo0U=
32,69,3RYtgtCYTIJqIQ1cvUxl1bJxva4=,Yhhr/9ybAonwZg7dF4l75Jsvo0U=
33,69,3RYtgtCYTIJqIQ1cvUxl1bJxva4=,Yhhr/9ybAonwZg7dF4l75Jsvo0U=
34,70,3RYtgtCYTIJqIQ1cvUxl1bJxva4=,Yhhr/9ybAonwZg7dF4l75Jsvo0U=
32,71,3RYtgtCYTIJqIQ1cvUxl1bJxva4=,Yhhr/9ybAonwZg7dF4l75Jsvo0U=
33,65,3RYtgtCYTIJqIQ1cvUxl1bJxva4=,Yhhr/9ybAonwZg7dF4l75Jsvo0U=
34,65,3RYtgtCYTIJqIQ1cvUxl1bJxva4=,Yhhr/9ybAonwZg7dF4l75Jsvo0U=
33,66,3RYtgtCYTIJqIQ1cvUxl1bJxva4=,Yhhr/9ybAonwZg7dF4l75Jsvo0U=
32,66,3RYtgtCYTIJqIQ1cvUxl1bJxva4=,Yhhr/9ybAonwZg7dF4l75Jsvo0U=
32,65,3RYtgtCYTIJqIQ1cvUxl1bJxva4=,Yhhr/9ybAonwZg7dF4l75Jsvo0U=
34,64,3RYtgtCYTIJqIQ1cvUxl1bJxva4=,Yhhr/9ybAonwZg7dF4l75Jsvo0U=
33,64,3RYtgtCYTIJqIQ1cvUxl1bJxva4=,Yhhr/9ybAonwZg7dF4l75Jsvo0U=
32,64,3RYtgtCYTIJqIQ1cvUxl1bJxva4=,Yhhr/9ybAonwZg7dF4l75Jsvo0U=
34,66,3RYtgtCYTIJqIQ1cvUxl1bJxva4=,Yhhr/9ybAonwZg7dF4l75Jsvo0U=
49,87,iVBZ3nlJjpXxP1/N/V6maPjDEU8=,928yhwyZ334wUgVu+1coo+R+VFc=
50,82,iVBZ3nlJjpXxP1/N/V6maPjDEU8=,928yhwyZ334wUgVu+1coo+R+VFc=
49,85,iVBZ3nlJjpXxP1/N/V6maPjDEU8=,928yhwyZ334wUgVu+1coo+R+VFc=
48,81,iVBZ3nlJjpXxP1/N/V6maPjDEU8=,928yhwyZ334wUgVu+1coo+R+VFc=
48,87,iVBZ3nlJjpXxP1/N/V6maPjDEU8=,928yhwyZ334wUgVu+1coo+R+VFc=
52,86,iVBZ3nlJjpXxP1/N/V6maPjDEU8=,928yhwyZ334wUgVu+1coo+R+VFc=
51,86,iVBZ3nlJjpXxP1/N/V6maPjDEU8=,928yhwyZ334wUgVu+1coo+R+VFc=
48,85,iVBZ3nlJjpXxP1/N/V6maPjDEU8=,928yhwyZ334wUgVu+1coo+R+VFc=
50,86,iVBZ3nlJjpXxP1/N/V6maPjDEU8=,928yhwyZ334wUgVu+1coo+R+VFc=
49,86,iVBZ3nlJjpXxP1/N/V6maPjDEU8=,928yhwyZ334wUgVu+1coo+R+VFc=
48,86,iVBZ3nlJjpXxP1/N/V6maPjDEU8=,928yhwyZ334wUgVu+1coo+R+VFc=
52,80,iVBZ3nlJjpXxP1/N/V6maPjDEU8=,928yhwyZ334wUgVu+1coo+R+VFc=
52,85,iVBZ3nlJjpXxP1/N/V6maPjDEU8=,928yhwyZ334wUgVu+1coo+R+VFc=
51,80,iVBZ3nlJjpXxP1/N/V6maPjDEU8=,928yhwyZ334wUgVu+1coo+R+VFc=
50,80,iVBZ3nlJjpXxP1/N/V6maPjDEU8=,928yhwyZ334wUgVu+1coo+R+VFc=
49,82,iVBZ3nlJjpXxP1/N/V6maPjDEU8=,928yhwyZ334wUgVu+1coo+R+VFc=
52,84,iVBZ3nlJjpXxP1/N/V6maPjDEU8=,928yhwyZ334wUgVu+1coo+R+VFc=
51,84,iVBZ3nlJjpXxP1/N/V6maPjDEU8=,928yhwyZ334wUgVu+1coo+R+VFc=
48,82,iVBZ3nlJjpXxP1/N/V6maPjDEU8=,928yhwyZ334wUgVu+1coo+R+VFc=
49,80,iVBZ3nlJjpXxP1/N/V6maPjDEU8=,928yhwyZ334wUgVu+1coo+R+VFc=
50,84,iVBZ3nlJjpXxP1/N/V6maPjDEU8=,928yhwyZ334wUgVu+1coo+R+VFc=
49,84,iVBZ3nlJjpXxP1/N/V6maPjDEU8=,928yhwyZ334wUgVu+1coo+R+VFc=
48,84,iVBZ3nlJjpXxP1/N/V6maPjDEU8=,928yhwyZ334wUgVu+1coo+R+VFc=
52,81,iVBZ3nlJjpXxP1/N/V6maPjDEU8=,928yhwyZ334wUgVu+1coo+R+VFc=
52,83,iVBZ3nlJjpXxP1/N/V6maPjDEU8=,928yhwyZ334wUgVu+1coo+R+VFc=
51,83,iVBZ3nlJjpXxP1/N/V6maPjDEU8=,928yhwyZ334wUgVu+1coo+R+VFc=
50,83,iVBZ3nlJjpXxP1/N/V6maPjDEU8=,928yhwyZ334wUgVu+1coo+R+VFc=
49,83,iVBZ3nlJjpXxP1/N/V6maPjDEU8=,928yhwyZ334wUgVu+1coo+R+VFc=
51,81,iVBZ3nlJjpXxP1/N/V6maPjDEU8=,928yhwyZ334wUgVu+1coo+R+VFc=
50,81,iVBZ3nlJjpXxP1/N/V6maPjDEU8=,928yhwyZ334wUgVu+1coo+R+VFc=
49,81,iVBZ3nlJjpXxP1/N/V6maPjDEU8=,928yhwyZ334wUgVu+1coo+R+VFc=
50,87,iVBZ3nlJjpXxP1/N/V6maPjDEU8=,928yhwyZ334wUgVu+1coo+R+VFc=
51,82,iVBZ3nlJjpXxP1/N/V6maPjDEU8=,928yhwyZ334wUgVu+1coo+R+VFc=
52,82,iVBZ3nlJjpXxP1/N/V6maPjDEU8=,928yhwyZ334wUgVu+1coo+R+VFc=
48,80,iVBZ3nlJjpXxP1/N/V6maPjDEU8=,928yhwyZ334wUgVu+1coo+R+VFc=
51,87,iVBZ3nlJjpXxP1/N/V6maPjDEU8=,928yhwyZ334wUgVu+1coo+R+VFc=
52,87,iVBZ3nlJjpXxP1/N/V6maPjDEU8=,928yhwyZ334wUgVu+1coo+R+VFc=
48,83,iVBZ3nlJjpXxP1/N/V6maPjDEU8=,928yhwyZ334wUgVu+1coo+R+VFc=
50,85,iVBZ3nlJjpXxP1/N/V6maPjDEU8=,928yhwyZ334wUgVu+1coo+R+VFc=
51,85,iVBZ3nlJjpXxP1/N/V6maPjDEU8=,928yhwyZ334wUgVu+1coo+R+VFc=
58,86,iVBZ3nlJjpXxP1/N/V6maPjDEU8=,YNcmG4FGTErbCbo86nEWxmyfxt0=
58,80,iVBZ3nlJjpXxP1/N/V6maPjDEU8=,YNcmG4FGTErbCbo86nEWxmyfxt0=
57,83,iVBZ3nlJjpXxP1/N/V6maPjDEU8=,YNcmG4FGTErbCbo86nEWxmyfxt0=
57,80,iVBZ3nlJjpXxP1/N/V6maPjDEU8=,YNcmG4FGTErbCbo86nEWxmyfxt0=
56,83,iVBZ3nlJjpXxP1/N/V6maPjDEU8=,YNcmG4FGTErbCbo86nEWxmyfxt0=
57,86,iVBZ3nlJjpXxP1/N/V6maPjDEU8=,YNcmG4FGTErbCbo86nEWxmyfxt0=
55,85,iVBZ3nlJjpXxP1/N/V6maPjDEU8=,928yhwyZ334wUgVu+1coo+R+VFc=
55,86,iVBZ3nlJjpXxP1/N/V6maPjDEU8=,928yhwyZ334wUgVu+1coo+R+VFc=
54,86,iVBZ3nlJjpXxP1/N/V6maPjDEU8=,928yhwyZ334wUgVu+1coo+R+VFc=
54,85,iVBZ3nlJjpXxP1/N/V6maPjDEU8=,928yhwyZ334wUgVu+1coo+R+VFc=
56,86,iVBZ3nlJjpXxP1/N/V6maPjDEU8=,YNcmG4FGTErbCbo86nEWxmyfxt0=
63,82,iVBZ3nlJjpXxP1/N/V6maPjDEU8=,YNcmG4FGTErbCbo86nEWxmyfxt0=
62,82,iVBZ3nlJjpXxP1/N/V6maPjDEU8=,YNcmG4FGTErbCbo86nEWxmyfxt0=
61,82,iVBZ3nlJjpXxP1/N/V6maPjDEU8=,YNcmG4FGTErbCbo86nEWxmyfxt0=
62,85,iVBZ3nlJjpXxP1/N/V6maPjDEU8=,YNcmG4FGTErbCbo86nEWxmyfxt0=
55,80,iVBZ3nlJjpXxP1/N/V6maPjDEU8=,928yhwyZ334wUgVu+1coo+R+VFc=
54,80,iVBZ3nlJjpXxP1/N/V6maPjDEU8=,928yhwyZ334wUgVu+1coo+R+VFc=
61,85,iVBZ3nlJjpXxP1/N/V6maPjDEU8=,YNcmG4FGTErbCbo86nEWxmyfxt0=
60,85,iVBZ3nlJjpXxP1/N/V6maPjDEU8=,YNcmG4FGTErbCbo86nEWxmyfxt0=
53,86,iVBZ3nlJjpXxP1/N/V6maPjDEU8=,928yhwyZ334wUgVu+1coo+R+VFc=
59,85,iVBZ3nlJjpXxP1/N/V6maPjDEU8=,YNcmG4FGTErbCbo86nEWxmyfxt0=
55,84,iVBZ3nlJjpXxP1/N/V6maPjDEU8=,928yhwyZ334wUgVu+1coo+R+VFc=
58,85,iVBZ3nlJjpXxP1/N/V6maPjDEU8=,YNcmG4FGTErbCbo86nEWxmyfxt0=
63,85,iVBZ3nlJjpXxP1/N/V6maPjDEU8=,YNcmG4FGTErbCbo86nEWxmyfxt0=
60,82,iVBZ3nlJjpXxP1/N/V6maPjDEU8=,YNcmG4FGTErbCbo86nEWxmyfxt0=
58,82,iVBZ3nlJjpXxP1/N/V6maPjDEU8=,YNcmG4FGTErbCbo86nEWxmyfxt0=
57,85,iVBZ3nlJjpXxP1/N/V6maPjDEU8=,YNcmG4FGTErbCbo86nEWxmyfxt0=
56,85,iVBZ3nlJjpXxP1/N/V6maPjDEU8=,YNcmG4FGTErbCbo86nEWxmyfxt0=
59,82,iVBZ3nlJjpXxP1/N/V6maPjDEU8=,YNcmG4FGTErbCbo86nEWxmyfxt0=
57,82,iVBZ3nlJjpXxP1/N/V6maPjDEU8=,YNcmG4FGTErbCbo86nEWxmyfxt0=
54,84,iVBZ3nlJjpXxP1/N/V6maPjDEU8=,928yhwyZ334wUgVu+1coo+R+VFc=
63,84,iVBZ3nlJjpXxP1/N/V6maPjDEU8=,YNcmG4FGTErbCbo86nEWxmyfxt0=
63,87,iVBZ3nlJjpXxP1/N/V6maPjDEU8=,YNcmG4FGTErbCbo86nEWxmyfxt0=
53,85,iVBZ3nlJjpXxP1/N/V6maPjDEU8=,928yhwyZ334wUgVu+1coo+R+VFc=
62,87,iVBZ3nlJjpXxP1/N/V6maPjDEU8=,YNcmG4FGTErbCbo86nEWxmyfxt0=
56,82,iVBZ3nlJjpXxP1/N/V6maPjDEU8=,YNcmG4FGTErbCbo86nEWxmyfxt0=
62,84,iVBZ3nlJjpXxP1/N/V6maPjDEU8=,YNcmG4FGTErbCbo86nEWxmyfxt0=
61,84,iVBZ3nlJjpXxP1/N/V6maPjDEU8=,YNcmG4FGTErbCbo86nEWxmyfxt0=
60,84,iVBZ3nlJjpXxP1/N/V6maPjDEU8=,YNcmG4FGTErbCbo86nEWxmyfxt0=
53,84,iVBZ3nlJjpXxP1/N/V6maPjDEU8=,928yhwyZ334wUgVu+1coo+R+VFc=
56,80,iVBZ3nlJjpXxP1/N/V6maPjDEU8=,YNcmG4FGTErbCbo86nEWxmyfxt0=
59,84,iVBZ3nlJjpXxP1/N/V6maPjDEU8=,YNcmG4FGTErbCbo86nEWxmyfxt0=
58,84,iVBZ3nlJjpXxP1/N/V6maPjDEU8=,YNcmG4FGTErbCbo86nEWxmyfxt0=
53,80,iVBZ3nlJjpXxP1/N/V6maPjDEU8=,928yhwyZ334wUgVu+1coo+R+VFc=
61,87,iVBZ3nlJjpXxP1/N/V6maPjDEU8=,YNcmG4FGTErbCbo86nEWxmyfxt0=
57,84,iVBZ3nlJjpXxP1/N/V6maPjDEU8=,YNcmG4FGTErbCbo86nEWxmyfxt0=
55,87,iVBZ3nlJjpXxP1/N/V6maPjDEU8=,928yhwyZ334wUgVu+1coo+R+VFc=
56,84,iVBZ3nlJjpXxP1/N/V6maPjDEU8=,YNcmG4FGTErbCbo86nEWxmyfxt0=
60,87,iVBZ3nlJjpXxP1/N/V6maPjDEU8=,YNcmG4FGTErbCbo86nEWxmyfxt0=
55,81,iVBZ3nlJjpXxP1/N/V6maPjDEU8=,928yhwyZ334wUgVu+1coo+R+VFc=
63,83,iVBZ3nlJjpXxP1/N/V6maPjDEU8=,YNcmG4FGTErbCbo86nEWxmyfxt0=
63,81,iVBZ3nlJjpXxP1/N/V6maPjDEU8=,YNcmG4FGTErbCbo86nEWxmyfxt0=
59,87,iVBZ3nlJjpXxP1/N/V6maPjDEU8=,YNcmG4FGTErbCbo86nEWxmyfxt0=
62,83,iVBZ3nlJjpXxP1/N/V6maPjDEU8=,YNcmG4FGTErbCbo86nEWxmyfxt0=
62,81,iVBZ3nlJjpXxP1/N/V6maPjDEU8=,YNcmG4FGTErbCbo86nEWxmyfxt0=
61,83,iVBZ3nlJjpXxP1/N/V6maPjDEU8=,YNcmG4FGTErbCbo86nEWxmyfxt0=
58,87,iVBZ3nlJjpXxP1/N/V6maPjDEU8=,YNcmG4FGTErbCbo86nEWxmyfxt0=
57,87,iVBZ3nlJjpXxP1/N/V6maPjDEU8=,YNcmG4FGTErbCbo86nEWxmyfxt0=
56,87,iVBZ3nlJjpXxP1/N/V6maPjDEU8=,YNcmG4FGTErbCbo86nEWxmyfxt0=
60,83,iVBZ3nlJjpXxP1/N/V6maPjDEU8=,YNcmG4FGTErbCbo86nEWxmyfxt0=
55,83,iVBZ3nlJjpXxP1/N/V6maPjDEU8=,928yhwyZ334wUgVu+1coo+R+VFc=
54,83,iVBZ3nlJjpXxP1/N/V6maPjDEU8=,928yhwyZ334wUgVu+1coo+R+VFc=
63,86,iVBZ3nlJjpXxP1/N/V6maPjDEU8=,YNcmG4FGTErbCbo86nEWxmyfxt0=
54,81,iVBZ3nlJjpXxP1/N/V6maPjDEU8=,928yhwyZ334wUgVu+1coo+R+VFc=
62,86,iVBZ3nlJjpXxP1/N/V6maPjDEU8=,YNcmG4FGTErbCbo86nEWxmyfxt0=
60,81,iVBZ3nlJjpXxP1/N/V6maPjDEU8=,YNcmG4FGTErbCbo86nEWxmyfxt0=
53,83,iVBZ3nlJjpXxP1/N/V6maPjDEU8=,928yhwyZ334wUgVu+1coo+R+VFc=
59,81,iVBZ3nlJjpXxP1/N/V6maPjDEU8=,YNcmG4FGTErbCbo86nEWxmyfxt0=
58,81,iVBZ3nlJjpXxP1/N/V6maPjDEU8=,YNcmG4FGTErbCbo86nEWxmyfxt0=
54,87,iVBZ3nlJjpXxP1/N/V6maPjDEU8=,928yhwyZ334wUgVu+1coo+R+VFc=
53,87,iVBZ3nlJjpXxP1/N/V6maPjDEU8=,928yhwyZ334wUgVu+1coo+R+VFc=
59,83,iVBZ3nlJjpXxP1/N/V6maPjDEU8=,YNcmG4FGTErbCbo86nEWxmyfxt0=
58,83,iVBZ3nlJjpXxP1/N/V6maPjDEU8=,YNcmG4FGTErbCbo86nEWxmyfxt0=
61,86,iVBZ3nlJjpXxP1/N/V6maPjDEU8=,YNcmG4FGTErbCbo86nEWxmyfxt0=
55,82,iVBZ3nlJjpXxP1/N/V6maPjDEU8=,928yhwyZ334wUgVu+1coo+R+VFc=
54,82,iVBZ3nlJjpXxP1/N/V6maPjDEU8=,928yhwyZ334wUgVu+1coo+R+VFc=
60,86,iVBZ3nlJjpXxP1/N/V6maPjDEU8=,YNcmG4FGTErbCbo86nEWxmyfxt0=
59,86,iVBZ3nlJjpXxP1/N/V6maPjDEU8=,YNcmG4FGTErbCbo86nEWxmyfxt0=
53,82,iVBZ3nlJjpXxP1/N/V6maPjDEU8=,928yhwyZ334wUgVu+1coo+R+VFc=
57,81,iVBZ3nlJjpXxP1/N/V6maPjDEU8=,YNcmG4FGTErbCbo86nEWxmyfxt0=
56,81,iVBZ3nlJjpXxP1/N/V6maPjDEU8=,YNcmG4FGTErbCbo86nEWxmyfxt0=
63,80,iVBZ3nlJjpXxP1/N/V6maPjDEU8=,YNcmG4FGTErbCbo86nEWxmyfxt0=
62,80,iVBZ3nlJjpXxP1/N/V6maPjDEU8=,YNcmG4FGTErbCbo86nEWxmyfxt0=
61,80,iVBZ3nlJjpXxP1/N/V6maPjDEU8=,YNcmG4FGTErbCbo86nEWxmyfxt0=
60,80,iVBZ3nlJjpXxP1/N/V6maPjDEU8=,YNcmG4FGTErbCbo86nEWxmyfxt0=
59,80,iVBZ3nlJjpXxP1/N/V6maPjDEU8=,YNcmG4FGTErbCbo86nEWxmyfxt0=
61,81,iVBZ3nlJjpXxP1/N/V6maPjDEU8=,YNcmG4FGTErbCbo86nEWxmyfxt0=
53,81,iVBZ3nlJjpXxP1/N/V6maPjDEU8=,928yhwyZ334wUgVu+1coo+R+VFc=
54,76,KpAlNoh6ndT34qp4eX3p/FgkBTo=,Kxzhq9m5zev9ngal8qlYEs3u08U=
55,76,KpAlNoh6ndT34qp4eX3p/FgkBTo=,Kxzhq9m5zev9ngal8qlYEs3u08U=
52,77,KpAlNoh6ndT34qp4eX3p/FgkBTo=,Kxzhq9m5zev9ngal8qlYEs3u08U=
53,77,KpAlNoh6ndT34qp4eX3p/FgkBTo=,Kxzhq9m5zev9ngal8qlYEs3u08U=
48,77,KpAlNoh6ndT34qp4eX3p/FgkBTo=,Kxzhq9m5zev9ngal8qlYEs3u08U=
51,79,KpAlNoh6ndT34qp4eX3p/FgkBTo=,Kxzhq9m5zev9ngal8qlYEs3u08U=
53,76,KpAlNoh6ndT34qp4eX3p/FgkBTo=,Kxzhq9m5zev9ngal8qlYEs3u08U=
50,79,KpAlNoh6ndT34qp4eX3p/FgkBTo=,Kxzhq9m5zev9ngal8qlYEs3u08U=
52,76,KpAlNoh6ndT34qp4eX3p/FgkBTo=,Kxzhq9m5zev9ngal8qlYEs3u08U=
51,76,KpAlNoh6ndT34qp4eX3p/FgkBTo=,Kxzhq9m5zev9ngal8qlYEs3u08U=
49,79,KpAlNoh6ndT34qp4eX3p/FgkBTo=,Kxzhq9m5zev9ngal8qlYEs3u08U=
50,76,KpAlNoh6ndT34qp4eX3p/FgkBTo=,Kxzhq9m5zev9ngal8qlYEs3u08U=
49,76,KpAlNoh6ndT34qp4eX3p/FgkBTo=,Kxzhq9m5zev9ngal8qlYEs3u08U=
48,76,KpAlNoh6ndT34qp4eX3p/FgkBTo=,Kxzhq9m5zev9ngal8qlYEs3u08U=
55,75,KpAlNoh6ndT34qp4eX3p/FgkBTo=,Kxzhq9m5zev9ngal8qlYEs3u08U=
48,79,KpAlNoh6ndT34qp4eX3p/FgkBTo=,Kxzhq9m5zev9ngal8qlYEs3u08U=
54,75,KpAlNoh6ndT34qp4eX3p/FgkBTo=,Kxzhq9m5zev9ngal8qlYEs3u08U=
51,77,KpAlNoh6ndT34qp4eX3p/FgkBTo=,Kxzhq9m5zev9ngal8qlYEs3u08U=
53,75,KpAlNoh6ndT34qp4eX3p/FgkBTo=,Kxzhq9m5zev9ngal8qlYEs3u08U=
55,78,KpAlNoh6ndT34qp4eX3p/FgkBTo=,Kxzhq9m5zev9ngal8qlYEs3u08U=
54,78,KpAlNoh6ndT34qp4eX3p/FgkBTo=,Kxzhq9m5zev9ngal8qlYEs3u08U=
50,77,KpAlNoh6ndT34qp4eX3p/FgkBTo=,Kxzhq9m5zev9ngal8qlYEs3u08U=
52,75,KpAlNoh6ndT34qp4eX3p/FgkBTo=,Kxzhq9m5zev9ngal8qlYEs3u08U=
53,78,KpAlNoh6ndT34qp4eX3p/FgkBTo=,Kxzhq9m5zev9ngal8qlYEs3u08U=
52,78,KpAlNoh6ndT34qp4eX3p/FgkBTo=,Kxzhq9m5zev9ngal8qlYEs3u08U=
51,78,KpAlNoh6ndT34qp4eX3p/FgkBTo=,Kxzhq9m5zev9ngal8qlYEs3u08U=
55,79,KpAlNoh6ndT34qp4eX3p/FgkBTo=,Kxzhq9m5zev9ngal8qlYEs3u08U=
50,78,KpAlNoh6ndT34qp4eX3p/FgkBTo=,Kxzhq9m5zev9ngal8qlYEs3u08U=
54,79,KpAlNoh6ndT34qp4eX3p/FgkBTo=,Kxzhq9m5zev9ngal8qlYEs3u08U=
51,75,KpAlNoh6ndT34qp4eX3p/FgkBTo=,Kxzhq9m5zev9ngal8qlYEs3u08U=
49,78,KpAlNoh6ndT34qp4eX3p/FgkBTo=,Kxzhq9m5zev9ngal8qlYEs3u08U=
48,78,KpAlNoh6ndT34qp4eX3p/FgkBTo=,Kxzhq9m5zev9ngal8qlYEs3u08U=
55,77,KpAlNoh6ndT34qp4eX3p/FgkBTo=,Kxzhq9m5zev9ngal8qlYEs3u08U=
50,75,KpAlNoh6ndT34qp4eX3p/FgkBTo=,Kxzhq9m5zev9ngal8qlYEs3u08U=
49,75,KpAlNoh6ndT34qp4eX3p/FgkBTo=,Kxzhq9m5zev9ngal8qlYEs3u08U=
48,75,KpAlNoh6ndT34qp4eX3p/FgkBTo=,Kxzhq9m5zev9ngal8qlYEs3u08U=
49,77,KpAlNoh6ndT34qp4eX3p/FgkBTo=,Kxzhq9m5zev9ngal8qlYEs3u08U=
54,77,KpAlNoh6ndT34qp4eX3p/FgkBTo=,Kxzhq9m5zev9ngal8qlYEs3u08U=
53,79,KpAlNoh6ndT34qp4eX3p/FgkBTo=,Kxzhq9m5zev9ngal8qlYEs3u08U=
52,79,KpAlNoh6ndT34qp4eX3p/FgkBTo=,Kxzhq9m5zev9ngal8qlYEs3u08U=
48,70,EhAjeBpFBnvawXXQIB3q9qw6BCs=,dXdEHc05DwbxhWpIuD1wi1mWO/c=
55,72,EhAjeBpFBnvawXXQIB3q9qw6BCs=,Kxzhq9m5zev9ngal8qlYEs3u08U=
54,73,EhAjeBpFBnvawXXQIB3q9qw6BCs=,Kxzhq9m5zev9ngal8qlYEs3u08U=
51,68,EhAjeBpFBnvawXXQIB3q9qw6BCs=,dXdEHc05DwbxhWpIuD1wi1mWO/c=
54,72,EhAjeBpFBnvawXXQIB3q9qw6BCs=,Kxzhq9m5zev9ngal8qlYEs3u08U=
51,67,EhAjeBpFBnvawXXQIB3q9qw6BCs=,dXdEHc05DwbxhWpIuD1wi1mWO/c=
50,67,EhAjeBpFBnvawXXQIB3q9qw6BCs=,dXdEHc05DwbxhWpIuD1wi1mWO/c=
50,68,EhAjeBpFBnvawXXQIB3q9qw6BCs=,dXdEHc05DwbxhWpIuD1wi1mWO/c=
50,66,EhAjeBpFBnvawXXQIB3q9qw6BCs=,dXdEHc05DwbxhWpIuD1wi1mWO/c=
55,73,EhAjeBpFBnvawXXQIB3q9qw6BCs=,Kxzhq9m5zev9ngal8qlYEs3u08U=
48,74,EhAjeBpFBnvawXXQIB3q9qw6BCs=,Kxzhq9m5zev9ngal8qlYEs3u08U=
49,65,EhAjeBpFBnvawXXQIB3q9qw6BCs=,dXdEHc05DwbxhWpIuD1wi1mWO/c=
53,72,EhAjeBpFBnvawXXQIB3q9qw6BCs=,Kxzhq9m5zev9ngal8qlYEs3u08U=
52,72,EhAjeBpFBnvawXXQIB3q9qw6BCs=,Kxzhq9m5zev9ngal8qlYEs3u08U=
50,65,EhAjeBpFBnvawXXQIB3q9qw6BCs=,dXdEHc05DwbxhWpIuD1wi1mWO/c=
51,72,EhAjeBpFBnvawXXQIB3q9qw6BCs=,Kxzhq9m5zev9ngal8qlYEs3u08U=
50,72,EhAjeBpFBnvawXXQIB3q9qw6BCs=,Kxzhq9m5zev9ngal8qlYEs3u08U=
49,66,EhAjeBpFBnvawXXQIB3q9qw6BCs=,dXdEHc05DwbxhWpIuD1wi1mWO/c=
48,66,EhAjeBpFBnvawXXQIB3q9qw6BCs=,dXdEHc05DwbxhWpIuD1wi1mWO/c=
55,65,EhAjeBpFBnvawXXQIB3q9qw6BCs=,dXdEHc05DwbxhWpIuD1wi1mWO/c=
55,64,EhAjeBpFBnvawXXQIB3q9qw6BCs=,dXdEHc05DwbxhWpIuD1wi1mWO/c=
54,64,EhAjeBpFBnvawXXQIB3q9qw6BCs=,dXdEHc05DwbxhWpIuD1wi1mWO/c=
51,65,EhAjeBpFBnvawXXQIB3q9qw6BCs=,dXdEHc05DwbxhWpIuD1wi1mWO/c=
52,67,EhAjeBpFBnvawXXQIB3q9qw6BCs=,dXdEHc05DwbxhWpIuD1wi1mWO/c=
49,74,EhAjeBpFBnvawXXQIB3q9qw6BCs=,Kxzhq9m5zev9ngal8qlYEs3u08U=
50,74,EhAjeBpFBnvawXXQIB3q9qw6BCs=,Kxzhq9m5zev9ngal8qlYEs3u08U=
51,74,EhAjeBpFBnvawXXQIB3q9qw6BCs=,Kxzhq9m5zev9ngal8qlYEs3u08U=
49,70,EhAjeBpFBnvawXXQIB3q9qw6BCs=,dXdEHc05DwbxhWpIuD1wi1mWO/c=
50,70,EhAjeBpFBnvawXXQIB3q9qw6BCs=,dXdEHc05DwbxhWpIuD1wi1mWO/c=
51,66,EhAjeBpFBnvawXXQIB3q9qw6BCs=,dXdEHc05DwbxhWpIuD1wi1mWO/c=
48,73,EhAjeBpFBnvawXXQIB3q9qw6BCs=,Kxzhq9m5zev9ngal8qlYEs3u08U=
49,73,EhAjeBpFBnvawXXQIB3q9qw6BCs=,Kxzhq9m5zev9ngal8qlYEs3u08U=
52,74,EhAjeBpFBnvawXXQIB3q9qw6BCs=,Kxzhq9m5zev9ngal8qlYEs3u08U=
53,74,EhAjeBpFBnvawXXQIB3q9qw6BCs=,Kxzhq9m5zev9ngal8qlYEs3u08U=
48,65,EhAjeBpFBnvawXXQIB3q9qw6BCs=,dXdEHc05DwbxhWpIuD1wi1mWO/c=
49,72,EhAjeBpFBnvawXXQIB3q9qw6BCs=,Kxzhq9m5zev9ngal8qlYEs3u08U=
48,72,EhAjeBpFBnvawXXQIB3q9qw6BCs=,Kxzhq9m5zev9ngal8qlYEs3u08U=
53,73,EhAjeBpFBnvawXXQIB3q9qw6BCs=,Kxzhq9m5zev9ngal8qlYEs3u08U=
52,73,EhAjeBpFBnvawXXQIB3q9qw6BCs=,Kxzhq9m5zev9ngal8qlYEs3u08U=
55,71,EhAjeBpFBnvawXXQIB3q9qw6BCs=,dXdEHc05DwbxhWpIuD1wi1mWO/c=
49,68,EhAjeBpFBnvawXXQIB3q9qw6BCs=,dXdEHc05DwbxhWpIuD1wi1mWO/c=
54,71,EhAjeBpFBnvawXXQIB3q9qw6BCs=,dXdEHc05DwbxhWpIuD1wi1mWO/c=
53,71,EhAjeBpFBnvawXXQIB3q9qw6BCs=,dXdEHc05DwbxhWpIuD1wi1mWO/c=
52,71,EhAjeBpFBnvawXXQIB3q9qw6BCs=,dXdEHc05DwbxhWpIuD1wi1mWO/c=
49,69,EhAjeBpFBnvawXXQIB3q9qw6BCs=,dXdEHc05DwbxhWpIuD1wi1mWO/c=
53,64,EhAjeBpFBnvawXXQIB3q9qw6BCs=,dXdEHc05DwbxhWpIuD1wi1mWO/c=
48,68,EhAjeBpFBnvawXXQIB3q9qw6BCs=,dXdEHc05DwbxhWpIuD1wi1mWO/c=
51,71,EhAjeBpFBnvawXXQIB3q9qw6BCs=,dXdEHc05DwbxhWpIuD1wi1mWO/c=
55,67,EhAjeBpFBnvawXXQIB3q9qw6BCs=,dXdEHc05DwbxhWpIuD1wi1mWO/c=
54,67,EhAjeBpFBnvawXXQIB3q9qw6BCs=,dXdEHc05DwbxhWpIuD1wi1mWO/c=
52,64,EhAjeBpFBnvawXXQIB3q9qw6BCs=,dXdEHc05DwbxhWpIuD1wi1mWO/c=
48,69,EhAjeBpFBnvawXXQIB3q9qw6BCs=,dXdEHc05DwbxhWpIuD1wi1mWO/c=
55,68,EhAjeBpFBnvawXXQIB3q9qw6BCs=,dXdEHc05DwbxhWpIuD1wi1mWO/c=
51,73,EhAjeBpFBnvawXXQIB3q9qw6BCs=,Kxzhq9m5zev9ngal8qlYEs3u08U=
49,67,EhAjeBpFBnvawXXQIB3q9qw6BCs=,dXdEHc05DwbxhWpIuD1wi1mWO/c=
51,64,EhAjeBpFBnvawXXQIB3q9qw6BCs=,dXdEHc05DwbxhWpIuD1wi1mWO/c=
48,67,EhAjeBpFBnvawXXQIB3q9qw6BCs=,dXdEHc05DwbxhWpIuD1wi1mWO/c=
54,68,EhAjeBpFBnvawXXQIB3q9qw6BCs=,dXdEHc05DwbxhWpIuD1wi1mWO/c=
49,71,EhAjeBpFBnvawXXQIB3q9qw6BCs=,dXdEHc05DwbxhWpIuD1wi1mWO/c=
55,66,EhAjeBpFBnvawXXQIB3q9qw6BCs=,dXdEHc05DwbxhWpIuD1wi1mWO/c=
54,66,EhAjeBpFBnvawXXQIB3q9qw6BCs=,dXdEHc05DwbxhWpIuD1wi1mWO/c=
55,69,EhAjeBpFBnvawXXQIB3q9qw6BCs=,dXdEHc05DwbxhWpIuD1wi1mWO/c=
54,65,EhAjeBpFBnvawXXQIB3q9qw6BCs=,dXdEHc05DwbxhWpIuD1wi1mWO/c=
54,69,EhAjeBpFBnvawXXQIB3q9qw6BCs=,dXdEHc05DwbxhWpIuD1wi1mWO/c=
53,65,EhAjeBpFBnvawXXQIB3q9qw6BCs=,dXdEHc05DwbxhWpIuD1wi1mWO/c=
48,71,EhAjeBpFBnvawXXQIB3q9qw6BCs=,dXdEHc05DwbxhWpIuD1wi1mWO/c=
53,68,EhAjeBpFBnvawXXQIB3q9qw6BCs=,dXdEHc05DwbxhWpIuD1wi1mWO/c=
52,68,EhAjeBpFBnvawXXQIB3q9qw6BCs=,dXdEHc05DwbxhWpIuD1wi1mWO/c=
55,70,EhAjeBpFBnvawXXQIB3q9qw6BCs=,dXdEHc05DwbxhWpIuD1wi1mWO/c=
54,70,EhAjeBpFBnvawXXQIB3q9qw6BCs=,dXdEHc05DwbxhWpIuD1wi1mWO/c=
53,70,EhAjeBpFBnvawXXQIB3q9qw6BCs=,dXdEHc05DwbxhWpIuD1wi1mWO/c=
53,69,EhAjeBpFBnvawXXQIB3q9qw6BCs=,dXdEHc05DwbxhWpIuD1wi1mWO/c=
50,64,EhAjeBpFBnvawXXQIB3q9qw6BCs=,dXdEHc05DwbxhWpIuD1wi1mWO/c=
52,65,EhAjeBpFBnvawXXQIB3q9qw6BCs=,dXdEHc05DwbxhWpIuD1wi1mWO/c=
49,64,EhAjeBpFBnvawXXQIB3q9qw6BCs=,dXdEHc05DwbxhWpIuD1wi1mWO/c=
55,74,EhAjeBpFBnvawXXQIB3q9qw6BCs=,Kxzhq9m5zev9ngal8qlYEs3u08U=
54,74,EhAjeBpFBnvawXXQIB3q9qw6BCs=,Kxzhq9m5zev9ngal8qlYEs3u08U=
52,69,EhAjeBpFBnvawXXQIB3q9qw6BCs=,dXdEHc05DwbxhWpIuD1wi1mWO/c=
50,69,EhAjeBpFBnvawXXQIB3q9qw6BCs=,dXdEHc05DwbxhWpIuD1wi1mWO/c=
53,67,EhAjeBpFBnvawXXQIB3q9qw6BCs=,dXdEHc05DwbxhWpIuD1wi1mWO/c=
50,73,EhAjeBpFBnvawXXQIB3q9qw6BCs=,Kxzhq9m5zev9ngal8qlYEs3u08U=
48,64,EhAjeBpFBnvawXXQIB3q9qw6BCs=,dXdEHc05DwbxhWpIuD1wi1mWO/c=
52,66,EhAjeBpFBnvawXXQIB3q9qw6BCs=,dXdEHc05DwbxhWpIuD1wi1mWO/c=
53,66,EhAjeBpFBnvawXXQIB3q9qw6BCs=,dXdEHc05DwbxhWpIuD1wi1mWO/c=
51,69,EhAjeBpFBnvawXXQIB3q9qw6BCs=,dXdEHc05DwbxhWpIuD1wi1mWO/c=
52,70,EhAjeBpFBnvawXXQIB3q9qw6BCs=,dXdEHc05DwbxhWpIuD1wi1mWO/c=
51,70,EhAjeBpFBnvawXXQIB3q9qw6BCs=,dXdEHc05DwbxhWpIuD1wi1mWO/c=
50,71,EhAjeBpFBnvawXXQIB3q9qw6BCs=,dXdEHc05DwbxhWpIuD1wi1mWO/c=
